date,area,fuel_type,total_energy_produced,day_peak,evening_peak,Demand,Supply,total_fuel_cost,apparent_temperature_mean (°C),total_fuel_quantity,district,fuel,temperature_class,season
2019-01-31,Dhaka,Gas,265720314,382,380,86696,86696,162089391.5,17.21612903,1286423742,1,0,1,winter
2019-02-28,Dhaka,Gas,220660992,390,377,79909,79909,134603205.1,20.90357143,1068279406,1,0,1,winter
2019-03-31,Dhaka,Gas,340738110,694,707,101529,101529,1338143606,26.28064516,10620187350,1,0,2,fall
2019-04-30,Dhaka,Gas,390196638,707,630,109942,109942,2829176689,31.26333333,22453783246,1,0,0,summer
2019-05-31,Dhaka,Gas,400583528,665,644,117327,117327,2785896587,34.33448276,22110290376,1,0,0,summer
2019-06-30,Dhaka,HFO,38956870,1634,1852,4185,4185,64398156.1,36,1533289.431,1,2,0,summer
2019-06-30,Dhaka,Gas,447604016,1634,1852,105161,105161,3023020880,34.58275862,23992229204,1,0,0,summer
2019-06-30,Chattogram,Gas,2400000,100,100,1191,1191,2640000,34.7,20952380.95,2,0,0,summer
2019-07-31,Chattogram,Gas,382724823,740,919,33125,33125,221715515.6,31.65333333,1759646950,2,0,0,summer
2019-07-31,Rajshahi,Gas/HSD,139554685,576,853,15066,15066,48562523.65,34.76923077,607031.5456,8,4,0,summer
2019-07-31,Rangpur,HFO,121748482,371,344,11743,11743,43717177.6,33.53888889,1040885.181,9,2,0,summer
2019-07-31,Barisal,Gas,186024747,325,416,9311,9311,170343199.4,33.71333333,1351930154,7,0,0,summer
2019-07-31,Cumilla,Gas,794145220,1342,1485,30838,30838,676683066.7,32.75666667,5370500530,3,0,0,summer
2019-07-31,Sylhet,Gas,641288129,1022,1020,13887,13887,619094340.2,33.85666667,4913447144,5,0,0,summer
2019-07-31,Rajshahi,Gas,241350126,576,853,34812,34812,103321561.4,34.79333333,820012392,8,0,0,summer
2019-07-31,Mymensingh,Solar,170033080,396.9,537,18064,18064,3484016,33.98095238,348401.6,4,5,0,summer
2019-07-31,Mymensingh,HFO,190349240,396.9,537,20384,20384,1012959965,33.84166667,24118094.4,4,2,0,summer
2019-07-31,Rangpur,HSD,161532463,369,345,16206,16206,126679360,34.052,1948913.231,9,3,0,summer
2019-07-31,Chattogram,HFO,382724823,740,919,33125,33125,2156553321,31.65333333,51346507.65,2,2,0,summer
2019-07-31,Khulna,HSD,172355249,285,612,39733,39733,370641611.3,34.26896552,5702178.635,6,3,0,summer
2019-07-31,Barisal,HFO,186024747,325,416,9311,9311,271048419.8,33.71333333,6453533.806,7,2,0,summer
2019-07-31,Rajshahi,HFO,241350126,576,853,34812,34812,1081403534,34.79333333,25747703.18,8,2,0,summer
2019-07-31,Dhaka,HSD,563156216,2005,2303,54407,54407,50649125,34.44615385,779217.3077,1,3,0,summer
2019-07-31,Rangpur,Coal,193736998,371,345,19485,19485,809726939.5,33.85666667,70045583,9,1,0,summer
2019-07-31,Dhaka,HFO,1240599748,2005,2303,121297,121297,2556496724,33.68,60868969.61,1,2,0,summer
2019-07-31,Dhaka,Gas,1267257292,2005,2303,125424,125424,1599131269,33.61612903,12691518009,1,0,0,summer
2019-07-31,Rajshahi,HSD,5985437,176,481,1129,1129,25466.64,34.2,391.7944615,8,3,0,summer
2019-07-31,Chattogram,Solar,300747598,740,919,22273,22273,19517775.1,32.045,1951777.51,2,5,0,summer
2019-07-31,Cumilla,HFO,794145220,1342,1485,30838,30838,228570988.3,32.75666667,5442166.389,3,2,0,summer
2019-07-31,Cumilla,HSD,299592107,1342,1485,11899,11899,24737222.4,33.69090909,380572.6523,3,3,0,summer
2019-07-31,Khulna,HFO,176926608,285,612,40999,40999,1500575017,34.23333333,35727976.58,6,2,0,summer
2019-07-31,Mymensingh,Gas,210675600,396.9,537,25788,25788,80107964,33.84,635777492.1,4,0,0,summer
2019-08-31,Rangpur,Coal,269156390,466,488,21197,21197,989676281.3,35.07666667,85612135.06,9,1,0,summer
2019-08-31,Rajshahi,HFO,410601844,556,924,36679,36679,1124239923,34.88,26767617.21,8,2,0,summer
2019-08-31,Barisal,Gas,215620307,301,426,9982,9982,210395509.5,33.97,1669805631,7,0,0,summer
2019-08-31,Rajshahi,Gas,410601844,556,924,36679,36679,101419305,34.88,804915119.1,8,0,0,summer
2019-08-31,Rangpur,HFO,269156390,466,488,21197,21197,473647278,35.07666667,11277316.14,9,2,0,summer
2019-08-31,Chattogram,Solar,312930179,787,814,30227,30227,29968399.1,33.00357143,2996839.91,2,5,0,summer
2019-08-31,Cumilla,Gas,830846347,1308,1420,32513,32513,746383771.2,33.68,5923680724,3,0,0,summer
2019-08-31,Dhaka,Gas,1174295128,2036,2414,109913,109913,799599837.3,34.02666667,6346030455,1,0,0,summer
2019-08-31,Sylhet,Gas,615966179,1022,1030,14778,14778,633500089.8,35.07666667,5027778491,5,0,0,summer
2019-08-31,Chattogram,Gas,330527885,787,814,32142,32142,243990097.4,32.91,1936429345,2,0,0,summer
2019-08-31,Khulna,HSD,183003141,369,668,40122,40122,327261442,34.18571429,5034791.415,6,3,0,summer
2019-08-31,Mymensingh,Solar,286622830,715,572,28297,28297,5486620,34.78,548662,4,5,0,summer
2019-08-31,Cumilla,HSD,178266092,1306,1420,6673,6673,31524480,35.11666667,484992,3,3,0,summer
2019-08-31,Mymensingh,HFO,286622830,715,572,28297,28297,1589614303,34.78,37847959.6,4,2,0,summer
2019-08-31,Cumilla,HFO,830846347,1308,1420,32513,32513,164390050.2,33.68,3914048.815,3,2,0,summer
2019-08-31,Rangpur,HSD,104907562,466,488,8018,8018,30064950,35.69090909,462537.6923,9,3,0,summer
2019-08-31,Chattogram,HFO,330527885,787,814,32142,32142,1653488317,32.91,39368769.46,2,2,0,summer
2019-08-31,Rajshahi,Gas/HSD,410601844,556,924,36679,36679,173640646.3,34.88,2170508.078,8,4,0,summer
2019-08-31,Dhaka,HSD,388786197,2036,2414,37155,37155,90813531.2,34.97777778,1397131.249,1,3,0,summer
2019-08-31,Rajshahi,HSD,44398607,556,873,3927,3927,18065312.1,36.16666667,277927.8785,8,3,0,summer
2019-08-31,Mymensingh,Gas,286622830,715,572,28297,28297,93526215.2,34.78,742271549.2,4,0,0,summer
2019-08-31,Barisal,HFO,215620307,301,426,9982,9982,292622534,33.97,6967203.191,7,2,0,summer
2019-08-31,Dhaka,HFO,1174295128,2036,2414,109913,109913,1986179645,34.02666667,47289991.54,1,2,0,summer
2019-08-31,Khulna,HFO,191038820,369,668,42708,42708,1678625921,34.12,39967283.84,6,2,0,summer
2019-09-30,Dhaka,HSD,516168800,2133,2532,46820,46820,36785206.9,34.39090909,565926.26,1,3,0,summer
2019-09-30,Rangpur,HSD,239077555,452,493,17199,17199,66801540,33.272,1027716,9,3,0,summer
2019-09-30,Rajshahi,HFO,377706246,543,894,34074,34074,997120391.5,33.51034483,23740961.7,8,2,0,summer
2019-09-30,Rangpur,HFO,276765416,452,493,19795,19795,447335937.6,32.9862069,10650855.66,9,2,0,summer
2019-09-30,Rajshahi,Gas,377706246,543,894,34074,34074,78724883.49,33.51034483,624800662.6,8,0,0,summer
2019-09-30,Sylhet,Gas,628645501,956,984,14293,14293,652743715.4,32.9862069,5180505678,5,0,0,summer
2019-09-30,Mymensingh,Gas,261504835,431.2,557,26205,26205,74301749.8,33.2137931,589696427,4,0,0,summer
2019-09-30,Barisal,HFO,201981929,301,424,9300,9300,224680112.6,33.25517241,5349526.491,7,2,0,summer
2019-09-30,Rajshahi,Gas/HSD,377706246,543,894,34074,34074,169455053.3,33.51034483,2118188.166,8,4,0,summer
2019-09-30,Chattogram,HFO,324124453,662,773,32221,32221,1854381814,32.51724138,44151947.96,2,2,0,summer
2019-09-30,Chattogram,Solar,324124453,662,773,32221,32221,28858539.6,32.51724138,2885853.96,2,5,0,summer
2019-09-30,Cumilla,Gas,758581079,1231,1349,30447,30447,665115284.7,32.95862069,5278692736,3,0,0,summer
2019-09-30,Cumilla,HFO,758581079,1231,1349,30447,30447,172734929.6,32.95862069,4112736.418,3,2,0,summer
2019-09-30,Khulna,HSD,146808460,215,550,37611,37611,212410396.1,33.35555556,3267852.248,6,3,0,summer
2019-09-30,Rangpur,Coal,276765416,452,493,19795,19795,1018503891,32.9862069,88105872.93,9,1,0,summer
2019-09-30,Chattogram,Gas,324124453,662,773,32221,32221,201007492.5,32.51724138,1595297559,2,0,0,summer
2019-09-30,Cumilla,HSD,287130389,1179,1349,12237,12237,37118054.4,34.13636364,571046.9908,3,3,0,summer
2019-09-30,Dhaka,Gas,1216641240,2133,2532,116873,116873,822557136.5,33.2137931,6528231242,1,0,0,summer
2019-09-30,Mymensingh,Solar,261504835,431.2,557,26205,26205,4616682,33.2137931,461668.2,4,5,0,summer
2019-09-30,Khulna,HFO,151335682,215,550,40008,40008,1351941579,33.20344828,32189085.21,6,2,0,summer
2019-09-30,Dhaka,HFO,1216641240,2133,2532,116873,116873,2529075007,33.2137931,60216071.59,1,2,0,summer
2019-09-30,Barisal,Gas,201981929,301,424,9300,9300,201298092.4,33.25517241,1597603908,7,0,0,summer
2019-09-30,Mymensingh,HFO,261504835,431.2,557,26205,26205,1574765714,33.2137931,37494421.77,4,2,0,summer
2019-09-30,Rajshahi,HSD,14667969,470,824,1265,1265,665754.3,35.2,10242.37385,8,3,0,summer
2019-10-31,Rangpur,HSD,240322037,399,491,17285,17285,93253110,29.79285714,1434663.231,9,3,2,fall
2019-10-31,Rangpur,HFO,249445453,399,491,17847,17847,251246635.1,29.72758621,5982062.741,9,2,2,fall
2019-10-31,Barisal,HFO,208063051,337,414,8715,8715,212927266.2,31.85333333,5069696.814,7,2,0,summer
2019-10-31,Chattogram,Gas,319688179,526.8,849,32101,32101,174280833.4,32.10333333,1383181218,2,0,0,summer
2019-10-31,Mymensingh,Gas,201966340,306.5,536,23803,23803,86507179.2,30.4,686564914.3,4,0,0,summer
2019-10-31,Rajshahi,HFO,357388693,586,880,30312,30312,542434993.9,30.62333333,12915118.9,8,2,0,summer
2019-10-31,Rangpur,Coal,256667707,399,491,18289,18289,987253666.4,29.43333333,85402566.3,9,1,2,fall
2019-10-31,Sylhet,Gas,587506742,917,968,12987,12987,603407921,29.43333333,4788951754,5,0,2,fall
2019-10-31,Dhaka,HFO,1107729075,1928,2277,113946,113946,1474512840,31.14333333,35107448.58,1,2,0,summer
2019-10-31,Cumilla,Gas,812341814,1314,1344,29315,29315,732784934.7,31.21,5815753450,3,0,0,summer
2019-10-31,Mymensingh,HFO,201966340,306.5,536,23803,23803,895734796.8,30.4,21327018.97,4,2,0,summer
2019-10-31,Rajshahi,Gas,357388693,586,880,30312,30312,48132387.29,30.62333333,382003073.7,8,0,0,summer
2019-10-31,Chattogram,Solar,319688179,526.8,849,32101,32101,37520463.6,32.10333333,3752046.36,2,5,0,summer
2019-10-31,Dhaka,Gas,1107729075,1928,2277,113946,113946,793451842.8,31.14333333,6297236848,1,0,0,summer
2019-10-31,Khulna,HSD,30422476,137,482,13324,13324,11924640,32.86,183456,6,3,0,summer
2019-10-31,Dhaka,HSD,79531268,1753,2240,8224,8224,1652882.5,31.45,25428.96154,1,3,0,summer
2019-10-31,Barisal,Gas,208063051,337,414,8715,8715,199958405.3,31.85333333,1586971471,7,0,0,summer
2019-10-31,Cumilla,HFO,736378595,1314,1344,26771,26771,43184168.92,31.41481481,1028194.498,3,2,0,summer
2019-10-31,Chattogram,HFO,319688179,526.8,849,32101,32101,1998829993,32.10333333,47591190.3,2,2,0,summer
2019-10-31,Mymensingh,Solar,194684580,306.5,536,22964,22964,4941320,30.4,494132,4,5,0,summer
2019-10-31,Rajshahi,Gas/HSD,357388693,586,880,30312,30312,198050254.9,30.62333333,2475628.186,8,4,0,summer
2019-10-31,Khulna,HFO,68980251,137,482,36911,36911,672415329.3,31.65,16009888.79,6,2,0,summer
2019-11-30,Cumilla,HFO,177527720,1225,1195,5657,5657,1086405,27.84285714,25866.78571,3,2,2,fall
2019-11-30,Barisal,HFO,102737371,258,315,4743,4743,46543787.64,27.13333333,1108185.42,7,2,2,fall
2019-11-30,Mymensingh,Gas,150100210,254.4,454,19970,19970,87833767,26.41333333,697093388.9,4,0,2,fall
2019-11-30,Dhaka,HFO,921130823,1853,2097,99824,99824,569803368.9,26.58333333,13566746.88,1,2,2,fall
2019-11-30,Chattogram,Solar,227353913,565,697,27039,27039,37609263.9,26.66896552,3760926.39,2,5,2,fall
2019-11-30,Dhaka,Gas,921130823,1853,2097,99824,99824,713740486.4,26.58333333,5664607035,1,0,2,fall
2019-11-30,Chattogram,HFO,230859396,565,697,27852,27852,979124897.3,26.54333333,23312497.56,2,2,2,fall
2019-11-30,Mymensingh,HFO,150100210,254.4,454,19970,19970,408618463.2,26.41333333,9729011.029,4,2,2,fall
2019-11-30,Mymensingh,Solar,141505490,254.4,454,18718,18718,7339656,26.43571429,733965.6,4,5,2,fall
2019-11-30,Rajshahi,Gas/HSD,316990679,548,739,25255,25255,191646126.2,26.06333333,2395576.577,8,4,2,fall
2019-11-30,Sylhet,Gas,617144947,1021,1045,10663,10663,614316690.4,25.75666667,4875529289,5,0,2,fall
2019-11-30,Barisal,Gas,144636970,258,315,6356,6356,135140603,27.16333333,1072544468,7,0,2,fall
2019-11-30,Khulna,HSD,2353478,17,282,2274,2274,892320,29.25,13728,6,3,2,fall
2019-11-30,Rajshahi,Gas,316990679,548,739,25255,25255,55691177.08,26.06333333,441993468.9,8,0,2,fall
2019-11-30,Cumilla,Gas,727256109,1225,1218,22707,22707,657228864.7,26.06,5216102101,3,0,2,fall
2019-11-30,Khulna,HFO,14495035,35,282,28855,28855,138636549.4,26.5,3300870.224,6,2,2,fall
2019-11-30,Rangpur,HFO,183054506,358,492,16100,16100,90447439.2,25.75666667,2153510.457,9,2,2,fall
2019-11-30,Rangpur,Coal,183054506,358,492,16100,16100,733464470.4,25.75666667,63448483.6,9,1,2,fall
2019-11-30,Rajshahi,HFO,316990679,548,739,25255,25255,179749760.1,26.06333333,4279756.193,8,2,2,fall
2019-11-30,Rangpur,HSD,41026723,358,492,3371,3371,5085450,26.5,78237.69231,9,3,2,fall
2019-11-30,Chattogram,Gas,230859396,565,697,27852,27852,203537474.5,26.54333333,1615376781,2,0,2,fall
2019-12-31,Rangpur,HFO,151257380,280,403,16065,16065,91867119.2,17.33225806,2187312.362,9,2,1,winter
2019-12-31,Cumilla,HFO,61022818,930,998,2149,2149,2787766.08,21.36666667,66375.38286,3,2,1,winter
2019-12-31,Rajshahi,Gas/HSD,304784443,547,662,23903,23903,185450955.7,18.45517241,2318136.946,8,4,1,winter
2019-12-31,Barisal,Gas,110340878,222,264,6867,6867,90432010.59,20.10322581,717714369.8,7,0,1,winter
2019-12-31,Dhaka,Gas,844423853,1537,2062,90649,90649,711330776.7,19.00645161,5645482355,1,0,1,winter
2019-12-31,Khulna,HSD,2302194,188,278,1032,1032,2028000,16.1,31200,6,3,1,winter
2019-12-31,Khulna,Gas,15309648,345,418,2036,2036,10824727.68,17.25,85910537.14,6,0,1,winter
2019-12-31,Rajshahi,HFO,309567005,547,662,25451,25451,136276728.2,18.40967742,3244684.004,8,2,1,winter
2019-12-31,Rajshahi,Gas,309567005,547,662,25451,25451,62970286.23,18.40967742,499764176.5,8,0,1,winter
2019-12-31,Chattogram,Solar,202589184,513,712,26295,26295,33982530.4,20.00645161,3398253.04,2,5,1,winter
2019-12-31,Cumilla,Gas,658506064,1129,1203,21660,21660,586985428.5,19.11290323,4658614512,3,0,1,winter
2019-12-31,Mymensingh,HFO,143615800,272.9,412,19632,19632,381402273.6,18.18387097,9081006.514,4,2,1,winter
2019-12-31,Barisal,HFO,110340878,222,264,6867,6867,155954079.4,20.10322581,3713192.366,7,2,1,winter
2019-12-31,Mymensingh,Solar,139515600,272.9,412,19009,19009,4460800,18.28333333,446080,4,5,1,winter
2019-12-31,Khulna,HFO,34560339,345,418,30198,30198,193680717.9,19.78709677,4611445.663,6,2,1,winter
2019-12-31,Chattogram,Gas,202589184,513,712,26295,26295,229770344.1,20.00645161,1823574159,2,0,1,winter
2019-12-31,Rangpur,Coal,151257380,280,403,16065,16065,578413935,17.33225806,50035807.53,9,1,1,winter
2019-12-31,Dhaka,HFO,844423853,1537,2062,90649,90649,482148398.8,19.00645161,11479723.78,1,2,1,winter
2019-12-31,Chattogram,HFO,202589184,513,712,26295,26295,537459003.9,20.00645161,12796642.95,2,2,1,winter
2019-12-31,Mymensingh,Gas,143615800,272.9,412,19632,19632,84516120.8,18.18387097,670762863.5,4,0,1,winter
2019-12-31,Sylhet,Gas,457786541,845,906,9848,9848,496793796.9,17.33225806,3942807912,5,0,1,winter
2020-01-31,Khulna,HFO,72598469,444,558,29813,29813,288704181.7,18.16896552,4656519.06,6,2,1,winter
2020-01-31,Cumilla,Gas,743077006,1230,1277,21176.3,21176.3,662674484.2,18.02666667,5259321303,3,0,1,winter
2020-01-31,Chattogram,Solar,184144087,649.3,716,26468,26468,33712967.54,19.09666667,2809413.962,2,5,1,winter
2020-01-31,Mymensingh,HFO,127414730,314.6,492,20637,20637,402751936.8,17.04,6495998.981,4,2,1,winter
2020-01-31,Mymensingh,Solar,117376450,314.6,492,18662,18662,3812180,17.02962963,317681.6667,4,5,1,winter
2020-01-31,Rangpur,Coal,192976623,479,524,17456,17456,832980502.3,16.06333333,72292274.38,9,1,1,winter
2020-01-31,Chattogram,Gas,184144087,649.3,716,26468,26468,177326538.2,19.09666667,1407353478,2,0,1,winter
2020-01-31,Dhaka,HFO,1018230583,1994,2154,86187,86187,856727762.1,17.51333333,13818189.71,1,2,1,winter
2020-01-31,Rajshahi,Gas,325129245,528,644,26475,26475,70366961.76,16.86,558467950.5,8,0,1,winter
2020-01-31,Rajshahi,Gas/HSD,325129245,528,644,26475,26475,196610624.1,16.86,2313066.165,8,4,1,winter
2020-01-31,Rajshahi,HFO,315519531,528,644,25717,25717,108267626,16.78965517,1746252.033,8,2,1,winter
2020-01-31,Barisal,Gas,126962193,230,353,6905,6905,120972611.8,18.65,960100093.8,7,0,1,winter
2020-01-31,Rangpur,HSD,8515256,325,473,602,602,56460,13,705.75,9,3,1,winter
2020-01-31,Dhaka,Gas,1018230583,1994,2154,86187,86187,801169697.5,17.51333333,6358489663,1,0,1,winter
2020-01-31,Rangpur,HFO,184864723,479,524,16403,16403,82075735.68,15.99285714,1323802.188,9,2,1,winter
2020-01-31,Sylhet,Gas,566260953,1052,1065,9519,9519,568266242.4,16.06333333,4510049543,5,0,1,winter
2020-01-31,Khulna,Gas,59730127,444,558,8927,8927,37766252.16,19.06666667,299732160,6,0,1,winter
2020-01-31,Mymensingh,Gas,127414730,314.6,492,20637,20637,68812924,17.04,546134317.5,4,0,1,winter
2020-01-31,Barisal,HFO,97160918,226,353,5291,5291,87181627.8,18.16956522,1406155.287,7,2,1,winter
2020-01-31,Chattogram,HFO,184144087,649.3,716,26468,26468,679707405,19.09666667,10963022.66,2,2,1,winter
2020-02-29,Rajshahi,Gas,300194846,529,654,27511,27511,22921074.71,19.22758621,181913291.3,8,0,1,winter
2020-02-29,Chattogram,Gas,203178696,549.17,951,25822,25822,181087875.3,20.3137931,1437205359,2,0,1,winter
2020-02-29,Rangpur,HSD,8792056,380,473,679,679,4968480,17,62106,9,3,1,winter
2020-02-29,Dhaka,Gas,955327837,1711,2061,86798,86798,697800291.3,19.78965517,5538097550,1,0,1,winter
2020-02-29,Rangpur,HFO,252645870,510,514,18156,18156,168986752,18.41785714,2725592.774,9,2,1,winter
2020-02-29,Dhaka,HSD,35442616,1569,1764,3207,3207,82080.5,22.1,1026.00625,1,3,1,winter
2020-02-29,Rajshahi,HFO,300194846,529,654,27511,27511,238935900.1,19.22758621,3853804.84,8,2,1,winter
2020-02-29,Chattogram,HFO,203178696,549.17,951,25822,25822,842529861.6,20.3137931,13589191.32,2,2,1,winter
2020-02-29,Dhaka,HFO,955327837,1711,2061,86798,86798,846818622.3,19.78965517,13658364.88,1,2,1,winter
2020-02-29,Cumilla,Gas,723907683,1201,1194,21524.4,21524.4,653679581,20.0862069,5187933183,3,0,1,winter
2020-02-29,Rangpur,Coal,261339524,510,514,18769,18769,1146216164,18.42413793,99477206.47,9,1,1,winter
2020-02-29,Sylhet,Gas,580715494,1037,1086,9371,9371,599805975,18.42413793,4760364881,5,0,1,winter
2020-02-29,Barisal,Gas,119816631,309,377,6560,6560,121208926.5,20.81724138,961975607.1,7,0,1,winter
2020-02-29,Khulna,Gas,234298900,479,512,30474,30474,162314334,20.7137931,1288209000,6,0,1,winter
2020-02-29,Mymensingh,HFO,189213310,369.2,500,21463,21463,971131008.4,19.41724138,15663403.36,4,2,1,winter
2020-02-29,Mymensingh,Gas,189213310,369.2,500,21463,21463,68253946.4,19.41724138,541697987.3,4,0,1,winter
2020-02-29,Barisal,HFO,86503557,309,377,4551,4551,73692552.96,21.285,1188589.564,7,2,1,winter
2020-02-29,Chattogram,Solar,203178696,549.17,951,25822,25822,38230265.92,20.3137931,3185855.493,2,5,1,winter
2020-02-29,Rajshahi,Gas/HSD,300194846,529,654,27511,27511,187038045.7,19.22758621,2200447.597,8,4,1,winter
2020-02-29,Khulna,HFO,234298900,479,512,30474,30474,249047313.5,20.7137931,4016892.153,6,2,1,winter
2020-02-29,Mymensingh,Solar,183035590,369.2,500,20731,20731,5115980,19.51428571,426331.6667,4,5,1,winter
2020-02-29,Cumilla,HFO,275659244,1201,1149,8193,8193,3605224.16,19.97272727,58148.77677,3,2,1,winter
2020-03-31,Rangpur,Coal,275672921,496,502,19444,19444,1184725790,24.15,102819359.7,9,1,2,fall
2020-03-31,Rajshahi,HSD,27808193,630,768,2043,2043,41678343,25.9,520979.2875,8,3,2,fall
2020-03-31,Dhaka,Gas,1075967172,1889,2123,96863,96863,783878654.2,26.42333333,6221259160,1,0,2,fall
2020-03-31,Dhaka,HFO,1075967172,1889,2123,96863,96863,1176312612,26.42333333,18972784.06,1,2,2,fall
2020-03-31,Chattogram,HFO,225473645,488,715,31450,31450,1071115452,27.24,17276055.68,2,2,2,fall
2020-03-31,Rajshahi,HFO,355968550,642,787,30438,30438,410313882,25.81333333,6617965.838,8,2,2,fall
2020-03-31,Rangpur,HSD,45281283,496,477,3364,3364,8327850,25.4,104098.125,9,3,2,fall
2020-03-31,Cumilla,Gas,711407980,1204,1208,26121,26121,637119312.7,26.37666667,5056502482,3,0,2,fall
2020-03-31,Rangpur,HFO,275672921,496,502,19444,19444,197094729.6,24.15,3178947.252,9,2,2,fall
2020-03-31,Khulna,Gas,269984396,485,639,34731,34731,187513937.3,27.95666667,1488205851,6,0,2,fall
2020-03-31,Chattogram,Solar,225473645,488,715,31450,31450,38057266.8,27.24,3171438.9,2,5,2,fall
2020-03-31,Rajshahi,Gas/HSD,355968550,642,787,30438,30438,209465870.4,25.81333333,2464304.358,8,4,2,fall
2020-03-31,Khulna,HFO,269984396,485,639,34731,34731,294990107.1,27.95666667,4757904.954,6,2,2,fall
2020-03-31,Cumilla,HFO,263387027,1204,1208,9983,9983,5883392.8,27.06363636,94893.43226,3,2,2,fall
2020-03-31,Chattogram,Gas,225473645,488,715,31450,31450,182105039.1,27.24,1445278088,2,0,2,fall
2020-03-31,Barisal,Coal,12594377,491,592,249,249,34583981,30.9,3001456.381,7,1,0,summer
2020-03-31,Barisal,HFO,117096374,328,413,4773,4773,64950364.8,27.23,1047586.529,7,2,2,fall
2020-03-31,Barisal,Gas,169483412,491,592,7238,7238,160901420,27.84,1276995397,7,0,2,fall
2020-03-31,Sylhet,Gas,632303917,1045,1043,10565,10565,646001962.1,24.15,5126999699,5,0,2,fall
2020-03-31,Mymensingh,Solar,225364680,413,524,23251,23251,6496236,25.20689655,541353,4,5,2,fall
2020-03-31,Khulna,HSD,156290633,485,639,20446,20446,27694368,29.01176471,346179.6,6,3,2,fall
2020-03-31,Rajshahi,Gas,355968550,642,787,30438,30438,38773589.35,25.81333333,307726899.6,8,0,2,fall
2020-03-31,Rangpur,Solar,9149742,454.4,459,714,714,556732.15,25.2,46394.34583,9,5,2,fall
2020-03-31,Mymensingh,Gas,232059640,413,538,24039,24039,105667902.4,25.21333333,838634146,4,0,2,fall
2020-03-31,Mymensingh,HFO,232059640,413,538,24039,24039,978541257.6,25.21333333,15782923.51,4,2,2,fall
2020-04-30,Dhaka,Gas,837932725,1617,1657,74426,74426,876345525.8,31.01333333,6955123221,1,0,0,summer
2020-04-30,Khulna,HSD,168137632,436,623,23508,23508,72927993.6,33.24444444,911599.92,6,3,0,summer
2020-04-30,Rajshahi,Gas/HSD,462522483,768,965,31450,31450,338434070,30,3981577.295,8,4,0,summer
2020-04-30,Cumilla,Gas,695591748,1119,1220,25414,25414,674563638.8,30.91666667,5353679673,3,0,0,summer
2020-04-30,Rangpur,Coal,179584580,394.2,439,19254,19254,898044853.4,27.58333333,77939045.12,9,1,2,fall
2020-04-30,Sylhet,Gas,573016350,1073,1027,9794,9794,681914238.2,27.58333333,5412017763,5,0,2,fall
2020-04-30,Rajshahi,HFO,462522483,768,965,31450,31450,645555932,30,10412192.45,8,2,0,summer
2020-04-30,Khulna,Gas,260766472,436,623,35687,35687,243526651.2,32.10666667,1932751200,6,0,0,summer
2020-04-30,Rangpur,Solar,179584580,394.2,439,19254,19254,13717724.15,27.58333333,1143143.679,9,5,2,fall
2020-04-30,Rangpur,HSD,71843911,394.1,429,7856,7856,7617510,28.22727273,95218.875,9,3,2,fall
2020-04-30,Mymensingh,Gas,201466950,479.2,531,22948,22948,142154056,28.99333333,1128206794,4,0,2,fall
2020-04-30,Khulna,HFO,254617672,436,623,34849,34849,204051861.1,32.24482759,3291159.051,6,2,0,summer
2020-04-30,Chattogram,HFO,133638983,331.2,632,25186,25186,257061221.5,31.97586207,4146148.734,2,2,0,summer
2020-04-30,Rangpur,HFO,160005894,394.2,439,16882,16882,125674821.8,27.78846154,2027013.255,9,2,2,fall
2020-04-30,Barisal,Gas,372247742,769,884,7268,7268,141839363,31.90333333,1125709230,7,0,0,summer
2020-04-30,Mymensingh,Solar,201466950,479.2,531,22948,22948,5810927,28.99333333,484243.9167,4,5,2,fall
2020-04-30,Rajshahi,Gas,462522483,768,965,31450,31450,82830621.32,30,657385883.5,8,0,0,summer
2020-04-30,Chattogram,Gas,135205307,331.2,632,25797,25797,209106203.2,31.93666667,1659573041,2,0,0,summer
2020-04-30,Barisal,HFO,95640275,769,868,2087,2087,8246184.96,32.0375,133002.9832,7,2,0,summer
2020-04-30,Mymensingh,HFO,201466950,479.2,531,22948,22948,435361152,28.99333333,7021954.065,4,2,2,fall
2020-04-30,Cumilla,HFO,586308972,1119,1220,21802,21802,110498745.4,31.064,1782237.828,3,2,0,summer
2020-04-30,Chattogram,Solar,135205307,331.2,632,25797,25797,38702609.05,31.93666667,3225217.421,2,5,0,summer
2020-04-30,Barisal,Coal,372247742,769,884,7268,7268,1116271640,31.90333333,96878396.86,7,1,0,summer
2020-04-30,Dhaka,HFO,837932725,1617,1657,74426,74426,220018155.5,31.01333333,3548679.927,1,2,0,summer
2020-05-31,Sylhet,Gas,580500366,998,979,12280,12280,721560120.5,30.10322581,5726667623,5,0,0,summer
2020-05-31,Mymensingh,HFO,218777600,382,570,23926,23926,643387200,31.4516129,10377212.9,4,2,0,summer
2020-05-31,Rajshahi,Gas/HSD,345448166,653,1040,29460,29460,255740243.2,32.66333333,3008708.744,8,4,0,summer
2020-05-31,Khulna,HFO,301157178,475,779,35826,35826,459592365.1,33.49677419,7412780.082,6,2,0,summer
2020-05-31,Khulna,Gas,301157178,475,779,35826,35826,255436372.8,33.49677419,2027272800,6,0,0,summer
2020-05-31,Dhaka,HFO,931657432,1685,1989,90196,90196,784004254.5,32.73548387,12645229.91,1,2,0,summer
2020-05-31,Rangpur,Solar,127726061,190.4,274,17936,17936,12835470.05,30.10322581,1069622.504,9,5,0,summer
2020-05-31,Rangpur,HFO,110547621,190.4,274,16166,16166,110276428.8,30.51923077,1778652.077,9,2,0,summer
2020-05-31,Chattogram,HFO,262789771,525.8,773,29426,29426,1232873912,32.86451613,19885063.1,2,2,0,summer
2020-05-31,Khulna,HSD,180917191,475,779,23340,23340,102593977.9,34.64705882,1282424.724,6,3,0,summer
2020-05-31,Mymensingh,Solar,218777600,382,570,23926,23926,5383735,31.4516129,448644.5833,4,5,0,summer
2020-05-31,Rangpur,HSD,29676669,157.2,274,4381,4381,6476310,30.38571429,80953.875,9,3,0,summer
2020-05-31,Rangpur,Coal,127726061,190.4,274,17936,17936,607726172,30.10322581,52743019.86,9,1,0,summer
2020-05-31,Cumilla,HFO,777562336,1246,1408,31134,31134,569188352,32.82258065,9180457.29,3,2,0,summer
2020-05-31,Cumilla,Gas,777562336,1246,1408,31134,31134,712482860.8,32.82258065,5654625879,3,0,0,summer
2020-05-31,Barisal,HFO,297258661,808,968,8317,8317,193816734.7,33.85555556,3126076.366,7,2,0,summer
2020-05-31,Dhaka,HSD,30287680,1277,1772,3538,3538,271984.24,35.4,3399.803,1,3,0,summer
2020-05-31,Mymensingh,Gas,218777600,382,570,23926,23926,128425201,31.4516129,1019247627,4,0,0,summer
2020-05-31,Barisal,Coal,287139219,808,968,6033,6033,900479873,33.985,78150374.31,7,1,0,summer
2020-05-31,Dhaka,Gas,931657432,1685,1989,90196,90196,940387986.1,32.73548387,7463396715,1,0,0,summer
2020-05-31,Rajshahi,HFO,320857425,653,1040,28222,28222,394451396.5,32.76428571,6362119.299,8,2,0,summer
2020-05-31,Chattogram,Solar,262789771,525.8,773,29426,29426,38935356.95,32.86451613,3244613.079,2,5,0,summer
2020-05-31,Chattogram,Gas,262789771,525.8,773,29426,29426,210492150,32.86451613,1670572619,2,0,0,summer
2020-05-31,Rajshahi,Gas,350247278,653,1040,30420,30420,79647210.7,32.70645161,632120719.8,8,0,0,summer
2020-05-31,Barisal,Gas,332318564,808,968,9065,9065,146833975.2,33.4516129,1165349009,7,0,0,summer
2020-06-30,Rangpur,Coal,147001027,269.3,275,21211,21211,595734422,33.31666667,51702286.16,9,1,0,summer
2020-06-30,Chattogram,Solar,432396171,937.5,1013,29750,29750,28354328.8,32.72666667,2362860.733,2,5,0,summer
2020-06-30,Mymensingh,HFO,272939290,504.3,550,26286,25936,1263611558,33.17666667,20380831.59,4,2,0,summer
2020-06-30,Rajshahi,Gas,405027130,992,1204,34465,34465,66039860.46,34.31666667,524125876.6,8,0,0,summer
2020-06-30,Sylhet,Gas,748880781,1188,1185,12942,12742,955522008.1,33.31666667,7583508001,5,0,0,summer
2020-06-30,Dhaka,HFO,1192551893,2035,2228,105990,105990,2184439117,33.47,35232888.98,1,2,0,summer
2020-06-30,Rangpur,HFO,147001027,269.3,275,21211,21211,273109785.6,33.31666667,4404996.542,9,2,0,summer
2020-06-30,Barisal,Gas,451857344,817,959,9492,9492,165519580.5,33.73666667,1313647464,7,0,0,summer
2020-06-30,Mymensingh,Solar,272939290,504.3,550,26286,25936,4996393,33.17666667,416366.0833,4,5,0,summer
2020-06-30,Barisal,Coal,427616326,817,959,8308,8308,1301916838,33.69615385,112990074.8,7,1,0,summer
2020-06-30,Chattogram,Gas,432396171,937.5,1013,29750,29750,187094765.4,32.72666667,1484879091,2,0,0,summer
2020-06-30,Cumilla,Gas,796579132,1273,1382,31306,31306,739825132.9,33.03666667,5871628039,3,0,0,summer
2020-06-30,Cumilla,HFO,796579132,1273,1382,31306,31306,533367471,33.03666667,8602701.144,3,2,0,summer
2020-06-30,Khulna,Gas,343920183,565,891,41327,41327,256942022.4,34.09,2039222400,6,0,0,summer
2020-06-30,Rangpur,HSD,106091589,269.3,275,15271,15271,25933770,33.64761905,324172.125,9,3,0,summer
2020-06-30,Rajshahi,Gas/HSD,405027130,992,1204,34465,34465,268604889.3,34.31666667,3160057.521,8,4,0,summer
2020-06-30,Cumilla,HSD,79981891,1255,1382,3222,3222,32708188.8,33.16666667,408852.36,3,3,0,summer
2020-06-30,Mymensingh,Gas,272939290,504.3,550,26286,25936,106001865.6,33.17666667,841284647.6,4,0,0,summer
2020-06-30,Rangpur,Solar,147001027,269.3,275,21211,21211,10866205.35,33.31666667,905517.1125,9,5,0,summer
2020-06-30,Rajshahi,HFO,405027130,992,1204,34465,34465,807789554.3,34.31666667,13028863.78,8,2,0,summer
2020-06-30,Khulna,HSD,343920183,565,891,41327,41327,308629440,34.09,3857868,6,3,0,summer
2020-06-30,Chattogram,HFO,432396171,937.5,1013,29750,29750,2566410424,32.72666667,41393716.52,2,2,0,summer
2020-06-30,Khulna,HFO,343920183,565,891,41327,41327,730594673.4,34.09,11783785.05,6,2,0,summer
2020-06-30,Rajshahi,HSD,20490441,992,1204,1316,1316,5757119.55,35.4,71963.99438,8,3,0,summer
2020-06-30,Dhaka,HSD,251347495,2023,2228,22415,22415,24232897.92,34.23333333,302911.224,1,3,0,summer
2020-06-30,Barisal,HFO,451857344,817,959,9492,9492,311646930.9,33.73666667,5026563.401,7,2,0,summer
2020-06-30,Dhaka,Gas,1192551893,2035,2228,105990,105990,1028372561,33.47,8161686991,1,0,0,summer
2020-07-31,Khulna,Gas,362954518,546,830,44846,44752,271423278,34.21612903,2154153000,6,0,0,summer
2020-07-31,Chattogram,Solar,500084861,828.5,1013,33935,33935,25135195.05,32.29354839,2094599.588,2,5,0,summer
2020-07-31,Rangpur,HFO,165027029,269.3,275,23031,23031,378618470.4,33.70322581,6106749.523,9,2,0,summer
2020-07-31,Dhaka,HFO,1348630003,2243,2339,115633,115633,2410073317,33.71935484,38872150.28,1,2,0,summer
2020-07-31,Barisal,HFO,538622815,817,928,10320,10320,340755486.7,33.89677419,5496056.237,7,2,0,summer
2020-07-31,Rangpur,Coal,165027029,269.3,275,23031,23031,616429608,33.70322581,53498369.09,9,1,0,summer
2020-07-31,Cumilla,HFO,880586370,1276,1441,33985,33985,786660112,33.09032258,12688066.32,3,2,0,summer
2020-07-31,Rajshahi,Gas/HSD,439386962,653,1075,37789,37789,285254623.2,34.77096774,3355936.743,8,4,0,summer
2020-07-31,Barisal,Gas,538622815,817,928,10320,10320,173896486.3,33.89677419,1380130844,7,0,0,summer
2020-07-31,Mymensingh,Solar,301159510,470.2,558,28380,28380,4856121,33.75806452,404676.75,4,5,0,summer
2020-07-31,Rajshahi,HFO,439386962,653,1075,37789,37789,1038667124,34.77096774,16752695.56,8,2,0,summer
2020-07-31,Khulna,HFO,362954518,546,830,44846,44752,753004570.4,34.21612903,12145235.01,6,2,0,summer
2020-07-31,Rangpur,HSD,165027029,269.3,275,23031,23031,48786300,33.70322581,609828.75,9,3,0,summer
2020-07-31,Rangpur,Solar,165027029,269.3,275,23031,23031,8769158.45,33.70322581,730763.2042,9,5,0,summer
2020-07-31,Dhaka,HSD,640411271,2240,2328,53431,53431,142888835.8,33.74285714,1786110.447,1,3,0,summer
2020-07-31,Dhaka,Gas,1348630003,2243,2339,115633,115633,1151318981,33.71935484,9137452231,1,0,0,summer
2020-07-31,Rajshahi,HSD,51155382,653,1011,3732,3732,8762480.37,35.33333333,109531.0046,8,3,0,summer
2020-07-31,Cumilla,Gas,880586370,1276,1441,33985,33985,786295268,33.09032258,6240438635,3,0,0,summer
2020-07-31,Barisal,Coal,538622815,817,928,10320,10320,1645295763,33.89677419,142791064.6,7,1,0,summer
2020-07-31,Mymensingh,Gas,301159510,470.2,558,28380,28380,106085542,33.75806452,841948746,4,0,0,summer
2020-07-31,Cumilla,HSD,120083789,1276,1441,4494,4494,12723071.76,34.175,159038.397,3,3,0,summer
2020-07-31,Chattogram,Gas,500084861,828.5,1013,33935,33935,188590880.5,32.29354839,1496753020,2,0,0,summer
2020-07-31,Mymensingh,HFO,301159510,470.2,558,28380,28380,1489836749,33.75806452,24029624.98,4,2,0,summer
2020-07-31,Chattogram,HFO,500084861,828.5,1013,33935,33935,3098680313,32.29354839,49978714.73,2,2,0,summer
2020-07-31,Rajshahi,Gas,439386962,653,1075,37789,37789,62068171.02,34.77096774,492604531.9,8,0,0,summer
2020-07-31,Khulna,HSD,362954518,546,830,44846,44752,326696420,34.21612903,4083705.25,6,3,0,summer
2020-07-31,Sylhet,Gas,730348371,1223,1208,14358,14358,933959282.5,33.70322581,7412375258,5,0,0,summer
2020-08-31,Cumilla,Gas,806494051,1324,1424,34075,34075,713046275.8,32.99354839,5659097427,3,0,0,summer
2020-08-31,Rajshahi,Gas,485186935,709,1038,38694,38694,44360130.58,34.63225806,352064528.4,8,0,0,summer
2020-08-31,Rangpur,HFO,168037016,269.9,271,23972,23972,413868736,34.70322581,6675302.194,9,2,0,summer
2020-08-31,Khulna,HFO,471821980,758,1000,45127,45127,911082800.6,33.75483871,14694883.88,6,2,0,summer
2020-08-31,Barisal,HFO,516391783,685,932,10338,10338,234717849.6,33.44516129,3785771.768,7,2,0,summer
2020-08-31,Chattogram,Gas,453533057,851.4,954,34039,34039,108268381.4,32.08064516,859272868.4,2,0,0,summer
2020-08-31,Dhaka,HSD,576539289,2061,2280,56093,56093,118981141.8,33.92666667,1487264.273,1,3,0,summer
2020-08-31,Dhaka,Gas,1180929932,2061,2313,111385,111385,997293740.8,33.50967742,7915029689,1,0,0,summer
2020-08-31,Chattogram,Solar,453533057,851.4,954,34039,34039,26179930.35,32.08064516,2181660.863,2,5,0,summer
2020-08-31,Cumilla,HSD,189604532,1324,1424,7376,7376,31441011.84,33.12857143,393012.648,3,3,0,summer
2020-08-31,Barisal,Gas,516391783,685,932,10338,10338,174380109.8,33.44516129,1383969125,7,0,0,summer
2020-08-31,Barisal,Coal,516391783,685,932,10338,10338,1585580560,33.44516129,137608532.9,7,1,0,summer
2020-08-31,Rajshahi,HFO,485186935,709,1038,38694,38694,1520299372,34.63225806,24520957.61,8,2,0,summer
2020-08-31,Mymensingh,Solar,324584460,487.7,561,29744,29744,5524804,34.26129032,460400.3333,4,5,0,summer
2020-08-31,Rangpur,HSD,20432546,269.9,271,3077,3077,4621860,37.05,57773.25,9,3,0,summer
2020-08-31,Rangpur,Solar,168037016,269.9,271,23972,23972,12808231.8,34.70322581,1067352.65,9,5,0,summer
2020-08-31,Khulna,HSD,471821980,758,1000,45127,45127,1576602777,33.75483871,19707534.71,6,3,0,summer
2020-08-31,Mymensingh,Gas,324584460,487.7,561,29744,29744,106303859.6,34.26129032,843681425.4,4,0,0,summer
2020-08-31,Khulna,Gas,471821980,758,1000,45127,45127,271345032,33.75483871,2153532000,6,0,0,summer
2020-08-31,Rajshahi,Gas/HSD,485186935,709,1038,38694,38694,279658115.6,34.63225806,3290095.477,8,4,0,summer
2020-08-31,Chattogram,HFO,453533057,851.4,954,34039,34039,3109919716,32.08064516,50159995.42,2,2,0,summer
2020-08-31,Cumilla,HFO,806494051,1324,1424,34075,34075,995575575.7,32.99354839,16057670.58,3,2,0,summer
2020-08-31,Rangpur,Coal,168037016,269.9,271,23972,23972,614532066,34.70322581,53333686.21,9,1,0,summer
2020-08-31,Rajshahi,HSD,87330485,709,1038,6530,6530,22772766.87,35.6,284659.5859,8,3,0,summer
2020-08-31,Dhaka,HFO,1180929932,2061,2313,111385,111385,2455510188,33.50967742,39605003.03,1,2,0,summer
2020-08-31,Mymensingh,HFO,324584460,487.7,561,29744,29744,1509433920,34.26129032,24345708.39,4,2,0,summer
2020-08-31,Sylhet,Gas,664599411,1035,1019,15391,15391,834872055.2,34.70322581,6625968692,5,0,0,summer
2020-09-30,Dhaka,HSD,965880234,2093,2353,89580,89580,211353975.4,34.60454545,2641924.692,1,3,0,summer
2020-09-30,Rangpur,Coal,168045200,270,273,21451,21451,594782128,33.43333333,51619638.96,9,1,0,summer
2020-09-30,Cumilla,Gas,786771130,1222,1393,33716,33716,654297252.5,33.83,5192835337,3,0,0,summer
2020-09-30,Rajshahi,HFO,478729741,866,1194,36220,36220,1563105478,34.73333333,25211378.67,8,2,0,summer
2020-09-30,Rajshahi,Gas/HSD,478729741,866,1194,36220,36220,267243244.3,34.73333333,3144038.168,8,4,0,summer
2020-09-30,Mymensingh,Gas,290099970,477.5,542,26442,26442,105849851,33.98333333,840078182.5,4,0,0,summer
2020-09-30,Barisal,Gas,485609896,648,885,10132,10132,155636711.7,34.32333333,1235211998,7,0,0,summer
2020-09-30,Sylhet,Gas,765217635,1252,1255,14486,14486,996664549.4,33.43333333,7910036106,5,0,0,summer
2020-09-30,Dhaka,HFO,1291834040,2107,2353,119994,119994,2797312801,34.21,45117948.4,1,2,0,summer
2020-09-30,Mymensingh,Solar,290099970,477.5,542,26442,26442,4477546,33.98333333,373128.8333,4,5,0,summer
2020-09-30,Chattogram,Solar,530080335,1022,1138,35369,35369,35778063.3,33.44666667,2981505.275,2,5,0,summer
2020-09-30,Rangpur,HSD,18099822,270,273,2183,2183,827370,33.43333333,10342.125,9,3,0,summer
2020-09-30,Mymensingh,HFO,290099970,477.5,542,26442,26442,1224128986,33.98333333,19744015.9,4,2,0,summer
2020-09-30,Chattogram,HFO,530080335,1022,1138,35369,35369,3371877335,33.44666667,54385118.3,2,2,0,summer
2020-09-30,Khulna,HFO,458506132,854,1031,44186,44186,910507683.9,34.47666667,14685607.81,6,2,0,summer
2020-09-30,Khulna,HSD,458506132,854,1031,44186,44186,1723060049,34.47666667,21538250.61,6,3,0,summer
2020-09-30,Cumilla,HSD,346151774,1222,1393,14792,14792,55723127.04,34.55384615,696539.088,3,3,0,summer
2020-09-30,Rajshahi,HSD,227572278,866,1194,16048,16048,69798578.85,35.38461538,872482.2356,8,3,0,summer
2020-09-30,Dhaka,Gas,1291834040,2107,2353,119994,119994,1059438302,34.21,8408240490,1,0,0,summer
2020-09-30,Cumilla,HFO,786771130,1222,1393,33716,33716,1148361024,33.83,18521952.01,3,2,0,summer
2020-09-30,Rangpur,Solar,168045200,270,273,21451,21451,7839754,33.43333333,653312.8333,9,5,0,summer
2020-09-30,Chattogram,Gas,530080335,1022,1138,35369,35369,193380831.7,33.44666667,1534768506,2,0,0,summer
2020-09-30,Barisal,HFO,485609896,648,885,10132,10132,289812034.6,34.32333333,4674387.654,7,2,0,summer
2020-09-30,Rangpur,HFO,168045200,270,273,21451,21451,446730163.2,33.43333333,7205325.213,9,2,0,summer
2020-09-30,Khulna,Gas,458506132,854,1031,44186,44186,247340822.4,34.47666667,1963022400,6,0,0,summer
2020-09-30,Rajshahi,Gas,478729741,866,1194,36220,36220,40393894.95,34.73333333,320586467.8,8,0,0,summer
2020-09-30,Barisal,Coal,485609896,648,885,10132,10132,1499085786,34.32333333,130101869.9,7,1,0,summer
2020-10-31,Rangpur,HSD,5599494,218,237,753,753,256770,33.9,3209.625,9,3,0,summer
2020-10-31,Dhaka,HSD,759169095,1754,1900,85903,85903,189590537.8,35.01428571,2369881.723,1,3,0,summer
2020-10-31,Cumilla,Gas,842223897,1303,1564,34090,34090,730824081.8,33.49032258,5800191125,3,0,0,summer
2020-10-31,Barisal,Coal,504770162,677,865,10031,10031,1742949408,33.81612903,151266177.9,7,1,0,summer
2020-10-31,Cumilla,HSD,524557484,1303,1564,21244,21244,101063894.4,34.83333333,1263298.68,3,3,0,summer
2020-10-31,Barisal,Gas,504770162,677,865,10031,10031,117167472.7,33.81612903,929900577,7,0,0,summer
2020-10-31,Rajshahi,HSD,276200308,818,1208,21176,21176,108939320.3,35.18235294,1361741.504,8,3,0,summer
2020-10-31,Mymensingh,Gas,278987619,489,508,27926,27926,102924451.3,33.40322581,816860724.9,4,0,0,summer
2020-10-31,Mymensingh,Solar,278987619,489,508,27926,27926,5161372,33.40322581,430114.3333,4,5,0,summer
2020-10-31,Chattogram,Gas,435185930,723,903,35706,35706,218839201.7,33.5483871,1736819061,2,0,0,summer
2020-10-31,Khulna,HFO,392898427,669,933,43402,43402,785415020.5,33.4516129,12667984.2,6,2,0,summer
2020-10-31,Dhaka,Gas,1080014759,1754,1900,122981,122981,902292608.1,33.74516129,7161052445,1,0,0,summer
2020-10-31,Rajshahi,Gas,431295270,818,1208,36018,36018,48492917.8,33.39354839,384864427,8,0,0,summer
2020-10-31,Chattogram,Solar,435185930,723,903,35706,35706,34832926.8,33.5483871,2902743.9,2,5,0,summer
2020-10-31,Mymensingh,HFO,278987619,489,508,27926,27926,1197462374,33.40322581,19313909.26,4,2,0,summer
2020-10-31,Chattogram,HFO,435185930,723,903,35706,35706,2517953650,33.5483871,40612155.65,2,2,0,summer
2020-10-31,Khulna,HSD,379408806,669,933,40898,40898,1325872048,33.66206897,16573400.6,6,3,0,summer
2020-10-31,Barisal,HFO,504770162,677,865,10031,10031,293561280,33.81612903,4734859.355,7,2,0,summer
2020-10-31,Dhaka,HFO,1080014759,1754,1900,122981,122981,2539787635,33.74516129,40964316.69,1,2,0,summer
2020-10-31,Rangpur,HFO,159503812,269,337,21599,21599,353543116.8,32.12580645,5702308.335,9,2,0,summer
2020-10-31,Sylhet,Gas,675202011,1053,1063,15294,15294,891694944.2,32.12580645,7076944001,5,0,0,summer
2020-10-31,Rajshahi,HFO,431295270,818,1208,36018,36018,1297176721,33.39354839,20922205.17,8,2,0,summer
2020-10-31,Khulna,Gas,392898427,669,933,43402,43402,226542768.9,33.4516129,1797958483,6,0,0,summer
2020-10-31,Rangpur,Solar,159503812,269,337,21599,21599,11840318.1,32.12580645,986693.175,9,5,0,summer
2020-10-31,Rajshahi,Gas/HSD,428304174,818,1208,34921,34921,242472436.5,33.49,2852616.9,8,4,0,summer
2020-10-31,Rangpur,Coal,159503812,269,337,21599,21599,612951325.3,32.12580645,53196497.72,9,1,0,summer
2020-10-31,Cumilla,HFO,842223897,1303,1564,34090,34090,1006956001,33.49032258,16241225.81,3,2,0,summer
2020-11-30,Sylhet,Gas,651133139,1105,1136,10471,10471,847015085.7,23.19333333,6722341950,5,0,2,fall
2020-11-30,Rajshahi,HFO,246723974,497,659,26116,26116,226435454,24.39,3652184.741,8,2,2,fall
2020-11-30,Rangpur,Coal,133392825,277,338,16933,16933,615819360.1,23.19333333,53445407.22,9,1,2,fall
2020-11-30,Dhaka,Gas,807870872,1523,1699,100113,100113,787283928.5,25.36,6248285146,1,0,2,fall
2020-11-30,Cumilla,HFO,573166773,957,1055,24205,24205,284043543.1,25.63333333,4581347.469,3,2,2,fall
2020-11-30,Barisal,Gas,374455056,587,869,7555,7555,76805188.05,26.24,609564984.5,7,0,2,fall
2020-11-30,Dhaka,HFO,807870872,1523,1699,100113,100113,1221987123,25.36,19709469.73,1,2,2,fall
2020-11-30,Dhaka,HSD,61440165,1411,1600,7507,7507,1592479.68,29,19905.996,1,3,2,fall
2020-11-30,Barisal,Coal,374455056,587,869,7555,7555,1399380984,26.24,121448741.9,7,1,2,fall
2020-11-30,Mymensingh,HFO,154807090,252,454,20615,20615,598914892.8,24.69666667,9659917.626,4,2,2,fall
2020-11-30,Mymensingh,Gas,154807090,252,454,20615,20615,89108560.8,24.69666667,707210800,4,0,2,fall
2020-11-30,Chattogram,HFO,299794094,680,877,29760,29760,1536844793,26.70333333,24787819.24,2,2,2,fall
2020-11-30,Rangpur,Solar,133392825,277,338,16933,16933,10411033.75,23.19333333,867586.1458,9,5,2,fall
2020-11-30,Rangpur,HSD,3947880,145,253,555,555,103950,19.9,1299.375,9,3,1,winter
2020-11-30,Khulna,HFO,278859861,455,679,32382,32382,323494014,25.65333333,5217645.386,6,2,2,fall
2020-11-30,Khulna,HSD,42196803,430,679,5189,5189,13978137.6,31.1,174726.72,6,3,0,summer
2020-11-30,Barisal,HFO,374455056,587,869,7555,7555,48284027.84,26.24,778774.6426,7,2,2,fall
2020-11-30,Cumilla,Gas,573166773,957,1055,24205,24205,546544356.2,25.63333333,4337653621,3,0,2,fall
2020-11-30,Rajshahi,Gas/HSD,214947007,497,638,17746,17746,178994495.8,23.34285714,2105817.598,8,4,2,fall
2020-11-30,Mymensingh,Solar,154807090,252,454,20615,20615,5838025,24.69666667,486502.0833,4,5,2,fall
2020-11-30,Rangpur,HFO,133392825,277,338,16933,16933,150653260.8,23.19333333,2429891.303,9,2,2,fall
2020-11-30,Chattogram,Gas,299794094,680,877,29760,29760,188069999.4,26.70333333,1492619043,2,0,2,fall
2020-11-30,Chattogram,Solar,299794094,680,877,29760,29760,30598750.35,26.70333333,2549895.863,2,5,2,fall
2020-11-30,Khulna,Gas,278859861,455,679,32382,32382,257802955.2,25.65333333,2046055200,6,0,2,fall
2020-11-30,Rajshahi,Gas,246723974,497,659,26116,26116,64682359.06,24.39,513352056,8,0,2,fall
2020-12-31,Chattogram,HFO,266931532,527,758,27800,27800,1861601292,20,30025827.29,2,2,1,winter
2020-12-31,Rajshahi,HFO,360011088,671,820,26250,26250,649006350.2,18.82903226,10467844.36,8,2,1,winter
2020-12-31,Chattogram,Solar,266931532,527,758,27800,27800,34045429.95,20,2837119.163,2,5,1,winter
2020-12-31,Rajshahi,Gas/HSD,355854876,671,820,25371,25371,257956389.9,18.89333333,3034781.058,8,4,1,winter
2020-12-31,Sylhet,Gas,504881538,990,1079,9577,9577,657065127.6,18.36451613,5214802600,5,0,1,winter
2020-12-31,Barisal,HFO,337938892,558,791,7006,7006,71487256.64,20.14666667,1153020.268,7,2,1,winter
2020-12-31,Dhaka,HFO,942921537,1537,1662,90456,90456,1444780884,19.35806452,23302917.49,1,2,1,winter
2020-12-31,Mymensingh,HFO,157526380,277,407,20770,20770,635395372.8,18.87419355,10248312.46,4,2,1,winter
2020-12-31,Khulna,Gas,193264241,443,566,27173,27173,161542684.8,19.15384615,1282084800,6,0,1,winter
2020-12-31,Rangpur,Coal,82782411,236,246,17188,17188,395048499,18.33333333,34285261.66,9,1,1,winter
2020-12-31,Cumilla,HFO,430527565,839,832,21723,21723,146151372.9,19.48,2357280.208,3,2,1,winter
2020-12-31,Khulna,HSD,19520472,376,566,3166,3166,3396556.8,18.4,42456.96,6,3,1,winter
2020-12-31,Mymensingh,Gas,157526380,277,407,20770,20770,87400519.2,18.87419355,693654914.3,4,0,1,winter
2020-12-31,Cumilla,Gas,447086310,839,832,22405,22405,507214615.9,19.44193548,4025512825,3,0,1,winter
2020-12-31,Chattogram,Gas,266931532,527,758,27800,27800,60226168.32,20,477985462.9,2,0,1,winter
2020-12-31,Rajshahi,Gas,360011088,671,820,26250,26250,43674469.93,18.82903226,346622777.2,8,0,1,winter
2020-12-31,Barisal,Coal,343459321,558,791,6772,6772,1339749858,20.41034483,116273507.1,7,1,1,winter
2020-12-31,Dhaka,Gas,942921537,1537,1662,90456,90456,840531621.1,19.35806452,6670885882,1,0,1,winter
2020-12-31,Mymensingh,Solar,157526380,277,407,20770,20770,4114114,18.87419355,342842.8333,4,5,1,winter
2020-12-31,Rangpur,HFO,81404174,236,246,17240,17240,116645836.8,18.26,1881384.465,9,2,1,winter
2020-12-31,Barisal,Gas,347619632,558,791,7241,7241,53388492,20.22580645,423718190.5,7,0,1,winter
2020-12-31,Rangpur,Solar,83205859,236,246,17773,17773,8601839.35,18.36451613,716819.9458,9,5,1,winter
2020-12-31,Khulna,HFO,200344496,443,566,32261,32261,462213661.5,19.90967742,7455059.056,6,2,1,winter
2020-12-31,Rangpur,HSD,3146077,211,208,577,577,485100,21.6,6063.75,9,3,1,winter
2021-01-31,Chattogram,Gas,361357090,754,858,29386,29386,74941382.88,19.57096774,594772880,2,0,1,winter
2021-01-31,Chattogram,HFO,361357090,754,858,29386,29386,2505449343,19.57096774,40410473.27,2,2,1,winter
2021-01-31,Khulna,Gas,322312590,681,890,33431,33431,229716345.6,19.52903226,1823145600,6,0,1,winter
2021-01-31,Barisal,Coal,286453572,544,706,5926,5926,1072454611,20.092,92716746.87,7,1,1,winter
2021-01-31,Rajshahi,Gas,372327557,708,938,28670,28670,35070391.03,17.31290323,278336436.7,8,0,1,winter
2021-01-31,Sylhet,Gas,460556859,756,812,10077,10077,602791233.6,16.70645161,4784057410,5,0,1,winter
2021-01-31,Cumilla,HFO,625220245,1088,1135,22909,22909,255044399.5,18.84516129,4113619.347,3,2,1,winter
2021-01-31,Dhaka,HFO,722705461,1384,1611,91167,91167,1640142947,18.46451613,26453918.5,1,2,1,winter
2021-01-31,Mymensingh,HFO,212848170,407,471,23696,23696,788727705.6,17.56129032,12721414.61,4,2,1,winter
2021-01-31,Dhaka,Gas,722705461,1384,1611,91167,91167,598229156.6,18.46451613,4747850449,1,0,1,winter
2021-01-31,Rajshahi,HSD,14936969,652,917,962,962,1107180.9,17.5,13839.76125,8,3,1,winter
2021-01-31,Khulna,HFO,322312590,681,890,33431,33431,907171110.8,19.52903226,14631792.11,6,2,1,winter
2021-01-31,Khulna,HSD,194221421,681,890,19632,19632,46229097.6,20.06111111,577863.72,6,3,1,winter
2021-01-31,Rangpur,Solar,145122941,268,263,19082,19082,7123946.05,16.75,508853.2893,9,5,1,winter
2021-01-31,Barisal,HFO,196032414,544,706,5200,5200,86930270.4,19.65454545,1402101.135,7,2,1,winter
2021-01-31,Barisal,Gas,305609560,544,706,7335,7335,79340260,19.82580645,629684603.2,7,0,1,winter
2021-01-31,Chattogram,Solar,361357090,754,858,29386,29386,35083852.65,19.57096774,2505989.475,2,5,1,winter
2021-01-31,Dhaka,HSD,83651372,1235,1569,12285,12285,10419419.12,18.525,130242.739,1,3,1,winter
2021-01-31,Rangpur,Coal,149558141,268,263,19679,19679,617953712,16.70645161,53423853.38,9,1,1,winter
2021-01-31,Mymensingh,Gas,212848170,407,471,23696,23696,84883316,17.56129032,673677111.1,4,0,1,winter
2021-01-31,Rajshahi,Gas/HSD,350634935,708,938,23854,23854,214284332.8,17.90769231,2380937.031,8,4,1,winter
2021-01-31,Mymensingh,Solar,207003570,407,471,22997,22997,4164325,17.58,297451.7857,4,5,1,winter
2021-01-31,Rangpur,HFO,149558141,268,263,19679,19679,270822758.4,16.70645161,4368109.006,9,2,1,winter
2021-01-31,Cumilla,Gas,625220245,1088,1135,22909,22909,592206349.8,18.84516129,4700050395,3,0,1,winter
2021-01-31,Rajshahi,HFO,372327557,708,938,28670,28670,1169900726,17.31290323,18869366.54,8,2,1,winter
2021-02-28,Rangpur,HFO,140540775,337,293,18327,18327,278764032,19.475,4496194.065,9,2,1,winter
2021-02-28,Sylhet,Gas,477324409,962,962,9406,9406,577163976.8,19.475,4580666483,5,0,1,winter
2021-02-28,Rajshahi,Gas,283389731,710,931,27283,27283,31451916.85,20.575,249618387.7,8,0,1,winter
2021-02-28,Khulna,HFO,258031422,622,731,31252,31252,421268347.3,22.08571429,6794650.763,6,2,1,winter
2021-02-28,Khulna,HSD,33809883,622,731,3340,3340,7168694.4,17.86666667,89608.68,6,3,1,winter
2021-02-28,Rajshahi,HFO,283389731,710,931,27283,27283,933187596.2,20.575,15051412.84,8,2,1,winter
2021-02-28,Rangpur,Solar,140540775,337,293,18327,18327,9066248.75,19.475,647589.1964,9,5,1,winter
2021-02-28,Barisal,Coal,364671379,560,670,6749,6749,1386277273,22.125,119847607.2,7,1,1,winter
2021-02-28,Mymensingh,HFO,212508348,447,512,22677,22677,830839987.2,20.51428571,13400644.95,4,2,1,winter
2021-02-28,Mymensingh,Gas,212508348,447,512,22677,22677,79159112.48,20.51428571,628246924.4,4,0,1,winter
2021-02-28,Dhaka,Gas,800375955,1889,2154,87107,87107,756019781,20.94642857,6000156992,1,0,1,winter
2021-02-28,Rangpur,HSD,5385696,337,263,685,685,399420,21.6,4992.75,9,3,1,winter
2021-02-28,Barisal,Gas,364671379,560,670,6749,6749,66152781.9,22.125,525022078.6,7,0,1,winter
2021-02-28,Chattogram,HFO,322694318,780,876,25542,25542,2227326312,21.48571429,35924617.94,2,2,1,winter
2021-02-28,Dhaka,HSD,39585655,879,1374,6044,6044,2550736.32,15.3,31884.204,1,3,1,winter
2021-02-28,Mymensingh,Solar,212508348,447,512,22677,22677,5395690,20.51428571,385406.4286,4,5,1,winter
2021-02-28,Chattogram,Gas,322694318,780,876,25542,25542,65575407.6,21.48571429,520439742.9,2,0,1,winter
2021-02-28,Cumilla,HFO,559483376,989,1023,21819,21819,107995322.8,21.19285714,1741860.045,3,2,1,winter
2021-02-28,Khulna,Gas,258031422,622,731,31252,31252,225278625.6,22.08571429,1787925600,6,0,1,winter
2021-02-28,Dhaka,HFO,800375955,1889,2154,87107,87107,1107226781,20.94642857,17858496.47,1,2,1,winter
2021-02-28,Chattogram,Solar,322694318,780,876,25542,25542,31706611.65,21.48571429,2264757.975,2,5,1,winter
2021-02-28,Rajshahi,Gas/HSD,242175716,710,931,18579,18579,154480294,22.37894737,1716447.711,8,4,1,winter
2021-02-28,Barisal,HFO,364671379,560,670,6749,6749,50889947.84,22.125,820805.6103,7,2,1,winter
2021-02-28,Cumilla,Gas,559483376,989,1023,21819,21819,509049559.7,21.19285714,4040075871,3,0,1,winter
2021-02-28,Rangpur,Coal,140540775,337,293,18327,18327,562504402,19.475,48630103.05,9,1,1,winter
2021-03-31,Rangpur,HSD,82398022,278,283,10652,10652,35130150,26.02666667,439126.875,9,3,2,fall
2021-03-31,Rangpur,Solar,180933311,392,369,21751,21751,12641686.2,25.2483871,902977.5857,9,5,2,fall
2021-03-31,Mymensingh,HFO,270815940,444,578,28203,28203,1144219661,26.81290323,18455155.82,4,2,2,fall
2021-03-31,Cumilla,HSD,239145531,1315,1568,8970,8970,58734305.28,29.7375,734178.816,3,3,2,fall
2021-03-31,Chattogram,Solar,388916855,764,991,35883,35883,36388982.7,28.81935484,2599213.05,2,5,2,fall
2021-03-31,Mymensingh,Gas,270815940,444,578,28203,28203,99428296.8,26.81290323,789113466.7,4,0,2,fall
2021-03-31,Rajshahi,HSD,124348696,835,1194,9091,9091,37315534.41,29.68571429,466444.1801,8,3,2,fall
2021-03-31,Khulna,Gas,316510139,597,683,41772,41772,241783617.6,30.51290323,1918917600,6,0,0,summer
2021-03-31,Rangpur,HFO,180933311,392,369,21751,21751,411262617.6,25.2483871,6633268.026,9,2,2,fall
2021-03-31,Cumilla,HFO,823496304,1315,1568,32022,32022,410218932.3,28.71935484,6616434.392,3,2,2,fall
2021-03-31,Barisal,Gas,458410728,651,889,9110,9110,114563554.4,30.31935484,909234558.7,7,0,0,summer
2021-03-31,Mymensingh,Solar,270815940,444,578,28203,28203,6240510,26.81290323,445750.7143,4,5,2,fall
2021-03-31,Dhaka,Gas,1176042942,2128,2358,122176,122176,1064471478,28.81290323,8448186330,1,0,2,fall
2021-03-31,Barisal,HFO,458410728,651,889,9110,9110,119787525.1,30.31935484,1932056.857,7,2,0,summer
2021-03-31,Rajshahi,Gas/HSD,442598439,835,1194,36214,36214,269952894.1,27.8483871,2999476.601,8,4,2,fall
2021-03-31,Cumilla,Gas,823496304,1315,1568,32022,32022,766972182.9,28.71935484,6087080817,3,0,2,fall
2021-03-31,Rangpur,Coal,180933311,392,369,21751,21751,688511705.2,25.2483871,59523792.27,9,1,2,fall
2021-03-31,Barisal,Coal,458410728,651,889,9110,9110,1607037642,30.31935484,138932968.1,7,1,0,summer
2021-03-31,Dhaka,HSD,455865875,2070,2358,46767,46767,77718171.52,29.89090909,971477.144,1,3,0,summer
2021-03-31,Rajshahi,Gas,442598439,835,1194,36214,36214,37259116.88,27.8483871,295707276.8,8,0,2,fall
2021-03-31,Khulna,HFO,316510139,597,683,41772,41772,745017477.9,30.51290323,12016410.93,6,2,0,summer
2021-03-31,Khulna,HSD,259894075,597,683,32881,32881,126827402.9,31.12916667,1585342.537,6,3,0,summer
2021-03-31,Sylhet,Gas,693006296,1150,1116,12236,12236,867875810.7,25.2483871,6887903259,5,0,2,fall
2021-03-31,Dhaka,HFO,1176042942,2128,2358,122176,122176,1896507379,28.81290323,30588828.69,1,2,2,fall
2021-03-31,Chattogram,HFO,388916855,764,991,35883,35883,2401070218,28.81935484,38726939,2,2,2,fall
2021-03-31,Chattogram,Gas,388916855,764,991,35883,35883,153964641.3,28.81935484,1221941597,2,0,2,fall
2021-03-31,Rajshahi,HFO,442598439,835,1194,36214,36214,1269922537,27.8483871,20482621.57,8,2,2,fall
2021-04-30,Rajshahi,Gas,455909009,826,1260,38406,38369,42945081.9,32.47241379,340833983.3,8,0,0,summer
2021-04-30,Rajshahi,HSD,189196248,826,1260,13593,13556,81783076.41,33.85,1022288.455,8,3,0,summer
2021-04-30,Chattogram,Gas,356715724,723,819,37434,37434,82747504.64,32.8,656726227.3,2,0,0,summer
2021-04-30,Dhaka,HSD,549539672,2102,2305,69604,69559,143682550.9,33.85,1796031.886,1,3,0,summer
2021-04-30,Khulna,HFO,348427575,573,778,45360,45305,1048529955,33.93103448,16911773.47,6,2,0,summer
2021-04-30,Barisal,Coal,612873487,720,928,10446,10446,2083285914,33.68275862,180105983.7,7,1,0,summer
2021-04-30,Barisal,Gas,612873487,720,928,10446,10446,155431808.7,33.68275862,1233585783,7,0,0,summer
2021-04-30,Dhaka,Gas,994281952,2102,2305,121352,121307,816809125.3,32.92758621,6482612105,1,0,0,summer
2021-04-30,Cumilla,Gas,858089638,1383,1680,35649,35609,721692236.3,32.8137931,5727716161,3,0,0,summer
2021-04-30,Khulna,Gas,348427575,573,778,45360,45305,224960198.4,33.93103448,1785398400,6,0,0,summer
2021-04-30,Cumilla,HSD,531890311,1383,1680,21529,21489,187770804.5,33.48823529,2347135.056,3,3,0,summer
2021-04-30,Dhaka,HFO,994281952,2102,2305,121352,121307,2238118596,32.92758621,36098687.04,1,2,0,summer
2021-04-30,Sylhet,Gas,735173732,1221,1238,13873,13873,937885856.2,29.98965517,7443538541,5,0,0,summer
2021-04-30,Khulna,HSD,348427575,573,778,45360,45305,331719745.1,33.93103448,4146496.814,6,3,0,summer
2021-04-30,Rangpur,Coal,195903847,421,344,21377,21323,765184843.7,29.98965517,66152402.84,9,1,0,summer
2021-04-30,Barisal,HFO,612873487,720,928,10446,10446,240132541.4,33.68275862,3873105.507,7,2,0,summer
2021-04-30,Chattogram,HFO,356715724,723,819,37434,37434,2593789237,32.8,41835310.28,2,2,0,summer
2021-04-30,Rajshahi,Gas/HSD,439987312,826,1260,35771,35734,230977154.4,32.59259259,2566412.827,8,4,0,summer
2021-04-30,Rangpur,Solar,190283627,421,344,20623,20569,12221344.2,30.025,872953.1571,9,5,0,summer
2021-04-30,Rangpur,HSD,56743732,336,344,7347,7347,6560370,28.25,82004.625,9,3,2,fall
2021-04-30,Mymensingh,Gas,288736040,475,594,29964,29920,111310939.2,31.5862069,883420152.4,4,0,0,summer
2021-04-30,Mymensingh,HFO,288736040,475,594,29964,29920,1295934658,31.5862069,20902171.9,4,2,0,summer
2021-04-30,Cumilla,HFO,858089638,1383,1680,35649,35609,1038213700,32.8137931,16745382.26,3,2,0,summer
2021-04-30,Chattogram,Solar,356715724,723,819,37434,37434,37406889.45,32.8,2671920.675,2,5,0,summer
2021-04-30,Rangpur,HFO,195903847,421,344,21377,21323,442670131.2,29.98965517,7139840.826,9,2,0,summer
2021-04-30,Mymensingh,Solar,288736040,475,594,29964,29920,5956778,31.5862069,425484.1429,4,5,0,summer
2021-04-30,Rajshahi,HFO,455909009,826,1260,38406,38369,1718937891,32.47241379,27724804.7,8,2,0,summer
2021-05-31,Mymensingh,Gas,246511700,420,519,27212,27212,124404016.8,32.42580645,987333466.7,4,0,0,summer
2021-05-31,Dhaka,HSD,259128847,1790,2061,30547,30547,106426996.7,35.74285714,1330337.459,1,3,0,summer
2021-05-31,Dhaka,HFO,1020847455,1790,2061,116880,116880,1468060922,33.84193548,23678401.98,1,2,0,summer
2021-05-31,Rajshahi,HFO,412415644,786,1228,35317,35317,1124848562,33.46451613,18142718.75,8,2,0,summer
2021-05-31,Mymensingh,Solar,246511700,420,519,27212,27212,5870702,32.42580645,419335.8571,4,5,0,summer
2021-05-31,Khulna,HSD,272844702,533,809,34713,34713,212448096,34.85652174,2655601.2,6,3,0,summer
2021-05-31,Rajshahi,Gas,412415644,786,1228,35317,35317,29704361.57,33.46451613,235748901.3,8,0,0,summer
2021-05-31,Khulna,HFO,341397820,533,809,44635,44635,810685963.1,34.22258065,13075580.05,6,2,0,summer
2021-05-31,Mymensingh,HFO,246511700,420,519,27212,27212,1036282714,32.42580645,16714237.32,4,2,0,summer
2021-05-31,Dhaka,Gas,1020847455,1790,2061,116880,116880,951012691.2,33.84193548,7547719772,1,0,0,summer
2021-05-31,Rajshahi,HSD,76480954,786,1228,5030,5030,50384028.24,35.925,629800.353,8,3,0,summer
2021-05-31,Khulna,Gas,341397820,533,809,44635,44635,250752801.6,34.22258065,1990101600,6,0,0,summer
2021-05-31,Rajshahi,Gas/HSD,412415644,786,1228,35317,35317,263981322,33.46451613,2933125.8,8,4,0,summer
2021-05-31,Cumilla,HSD,222247066,1440,1593,8369,8369,142456164.5,35.74285714,1780702.056,3,3,0,summer
2021-05-31,Chattogram,Gas,383781515,710,816,37906,37906,132782637.1,34.14193548,1053830453,2,0,0,summer
2021-05-31,Rangpur,HSD,39269671,275,333,5004,5004,5071050,32.58571429,63388.125,9,3,0,summer
2021-05-31,Barisal,Gas,523000833,773,915,11044,11044,181551559.8,34.22903226,1440885395,7,0,0,summer
2021-05-31,Sylhet,Gas,742617026,1149,1240,14135,14135,966071755.9,31.16451613,7667236158,5,0,0,summer
2021-05-31,Chattogram,Solar,383781515,710,816,37906,37906,41287455.09,34.14193548,2949103.935,2,5,0,summer
2021-05-31,Barisal,HFO,523000833,773,915,11044,11044,298881905,34.22903226,4820675.886,7,2,0,summer
2021-05-31,Rangpur,HFO,169754838,341,337,21308,21308,287911993.4,31.16451613,4643741.828,9,2,0,summer
2021-05-31,Rangpur,Coal,169754838,341,337,21308,21308,722472630.5,31.16451613,62459810.71,9,1,0,summer
2021-05-31,Cumilla,HFO,904944391,1440,1593,35832,35832,1062297183,34.07419355,17133825.53,3,2,0,summer
2021-05-31,Chattogram,HFO,383781515,710,816,37906,37906,2669897675,34.14193548,43062865.73,2,2,0,summer
2021-05-31,Barisal,Coal,523000833,773,915,11044,11044,1570573424,34.22903226,135780532.9,7,1,0,summer
2021-05-31,Rangpur,Solar,163336685,341,336,20684,20684,12310363,31.15333333,879311.6429,9,5,0,summer
2021-05-31,Cumilla,Gas,904944391,1440,1593,35832,35832,780365668.1,34.07419355,6193378318,3,0,0,summer
2021-06-30,Rangpur,HSD,31736696,270,280,4681,4681,8108100,34.01666667,101351.25,9,3,0,summer
2021-06-30,Barisal,HFO,231132810,527,709,5875,5875,30425101.76,33.32941176,490727.4477,7,2,0,summer
2021-06-30,Barisal,Coal,367434157,537,709,9103,9103,1261082375,33.07142857,109024152.8,7,1,0,summer
2021-06-30,Chattogram,Solar,410245243,780,910,33732,33732,20419682.85,31.57142857,1458548.775,2,5,0,summer
2021-06-30,Cumilla,HSD,377602277,1419,1589,13329,13329,98660177.28,32.41666667,1233252.216,3,3,0,summer
2021-06-30,Rajshahi,Gas/HSD,451020519,906,1251,34013,34013,245222562.4,34.08928571,2724695.138,8,4,0,summer
2021-06-30,Mymensingh,HFO,230800711,390,475,26077,26077,988856707.2,32.67857143,15949301.73,4,2,0,summer
2021-06-30,Dhaka,HFO,985464092,1888,2029,114103,114103,1672326939,32.63571429,26973015.15,1,2,0,summer
2021-06-30,Cumilla,HFO,867197783,1419,1589,30018,30018,1272791340,32.17857143,20528892.58,3,2,0,summer
2021-06-30,Mymensingh,Gas,230800711,390,475,26077,26077,103577391.2,32.67857143,822042787.3,4,0,0,summer
2021-06-30,Rajshahi,Gas,451020519,906,1251,34013,34013,60583125.19,34.08928571,480818453.9,8,0,0,summer
2021-06-30,Sylhet,Gas,656831542,1078,1095,13205,13205,874490540,33.31785714,6940401111,5,0,0,summer
2021-06-30,Cumilla,Gas,867197783,1419,1589,30018,30018,729673496.1,32.17857143,5791059493,3,0,0,summer
2021-06-30,Khulna,HFO,295077403,485,776,38508,38508,376609064.6,33.71071429,6074339.752,6,2,0,summer
2021-06-30,Rajshahi,HFO,451020519,906,1251,34013,34013,1526804022,34.08928571,24625871.33,8,2,0,summer
2021-06-30,Rangpur,Coal,147554691,273,280,20979,20979,560642632,33.31785714,48469147.75,9,1,0,summer
2021-06-30,Dhaka,HSD,384437214,1559,1849,50316,50316,117390467.9,32.65,1467380.849,1,3,0,summer
2021-06-30,Barisal,Gas,367434157,537,709,9103,9103,96532301.23,33.07142857,766129374.8,7,0,0,summer
2021-06-30,Chattogram,HFO,410245243,780,910,33732,33732,2806521240,31.57142857,45266471.61,2,2,0,summer
2021-06-30,Rajshahi,HSD,93893543,903,1251,6229,6229,31901948.82,33.06,398774.3603,8,3,0,summer
2021-06-30,Chattogram,Gas,410245243,780,910,33732,33732,169463939.1,31.57142857,1344951898,2,0,0,summer
2021-06-30,Mymensingh,Solar,230800711,390,475,26077,26077,4532554.94,32.67857143,323753.9243,4,5,0,summer
2021-06-30,Rangpur,HFO,147554691,273,280,20979,20979,333908462.2,33.31785714,5385620.357,9,2,0,summer
2021-06-30,Khulna,Gas,295077403,485,776,38508,38508,251217892.8,33.71071429,1993792800,6,0,0,summer
2021-06-30,Dhaka,Gas,985464092,1888,2029,114103,114103,894169152.5,32.63571429,7096580575,1,0,0,summer
2021-06-30,Khulna,HSD,269739993,485,776,34988,34988,321088924.8,33.76,4013611.56,6,3,0,summer
2021-06-30,Rangpur,Solar,147554691,273,280,20979,20979,9410732.5,33.31785714,672195.1786,9,5,0,summer
2021-07-31,Rajshahi,Gas/HSD,472474415,771,1118,39327,39327,269940489.4,34.51290323,2999338.771,8,4,0,summer
2021-07-31,Cumilla,HFO,911467669,1430,1721,35061,35061,1193983570,32.98387097,19257799.52,3,2,0,summer
2021-07-31,Rajshahi,HFO,472474415,771,1118,39327,39327,1516880051,34.51290323,24465807.28,8,2,0,summer
2021-07-31,Rangpur,HSD,12140651,320,338,1592,1592,970200,35.05,12127.5,9,3,0,summer
2021-07-31,Khulna,HFO,311721615,543,748,44774,44774,468639950.9,33.87419355,7558708.885,6,2,0,summer
2021-07-31,Cumilla,Gas,911467669,1430,1721,35061,35061,787475582.2,32.98387097,6249806208,3,0,0,summer
2021-07-31,Dhaka,HFO,1186813299,1955,2271,110667,110667,1227113633,33.46129032,19792155.37,1,2,0,summer
2021-07-31,Rangpur,Solar,173158845,320,339,24433,24433,11812604.7,34.28064516,843757.4786,9,5,0,summer
2021-07-31,Chattogram,Gas,372603473,688,865,33588,33588,252688481.7,32.22580645,2005464141,2,0,0,summer
2021-07-31,Rajshahi,Gas,472474415,771,1118,39327,39327,56402981.5,34.51290323,447642710.3,8,0,0,summer
2021-07-31,Chattogram,HFO,372603473,688,865,33588,33588,2073955305,32.22580645,33450892.01,2,2,0,summer
2021-07-31,Mymensingh,Gas,273949240,407,522,30763,30763,137254820.8,33.63225806,1089323975,4,0,0,summer
2021-07-31,Dhaka,Gas,1186813299,1955,2271,110667,110667,1130975055,33.46129032,8975992502,1,0,0,summer
2021-07-31,Khulna,Gas,309751823,543,748,42501,42501,247442324.9,34.04827586,1963827975,6,0,0,summer
2021-07-31,Sylhet,Gas,607725620,1062,1028,15003,15003,828083727.3,34.28064516,6572093074,5,0,0,summer
2021-07-31,Mymensingh,Solar,273949240,407,522,30763,30763,5174124,33.63225806,369580.2857,4,5,0,summer
2021-07-31,Barisal,HFO,122066853,470,668,3687,3687,20854855.68,34.32,336368.64,7,2,0,summer
2021-07-31,Chattogram,Solar,372603473,688,865,33588,33588,29309390.11,32.22580645,2093527.865,2,5,0,summer
2021-07-31,Rajshahi,HSD,147952021,771,1101,11064,11064,12856175.01,35.3,160702.1876,8,3,0,summer
2021-07-31,Rangpur,HFO,173158845,320,339,24433,24433,313685553,34.28064516,5059444.403,9,2,0,summer
2021-07-31,Dhaka,HSD,537611303,1955,2271,52173,52173,71761420.72,34.21538462,897017.759,1,3,0,summer
2021-07-31,Barisal,Coal,387981404,516,669,10742,10742,1362586199,33.60645161,117799446.6,7,1,0,summer
2021-07-31,Khulna,HSD,303939471,543,748,43584,43584,490030703.8,33.86333333,6125383.798,6,3,0,summer
2021-07-31,Rangpur,Coal,173158845,320,339,24433,24433,723924759.1,34.28064516,62585351.35,9,1,0,summer
2021-07-31,Barisal,Gas,387981404,516,669,10742,10742,101345488.9,33.60645161,804329276.7,7,0,0,summer
2021-07-31,Cumilla,HSD,321595601,1430,1721,11783,11783,71814314.88,34.32,897678.936,3,3,0,summer
2021-07-31,Mymensingh,HFO,273949240,407,522,30763,30763,1044084941,33.63225806,16840079.69,4,2,0,summer
2021-08-31,Rangpur,Coal,198037581,272,270,24745,24745,634857066,33.8483871,54885196.33,9,1,0,summer
2021-08-31,Dhaka,HFO,1369612255,2154,2304,126790,126790,2309800059,33.52258065,37254839.67,1,2,0,summer
2021-08-31,Mymensingh,Gas,264394990,450,501,29750,29750,99669086.4,33.78709677,791024495.2,4,0,0,summer
2021-08-31,Cumilla,Gas,958273092,1566,1631,35968,35968,798052983,32.95483871,6333753833,3,0,0,summer
2021-08-31,Barisal,Gas,455210366,622,826,11258,11258,121543351.4,33.71290323,964629772.8,7,0,0,summer
2021-08-31,Sylhet,Gas,751856233,1211,1218,14863,14863,967766199.8,33.8483871,7680684125,5,0,0,summer
2021-08-31,Khulna,HSD,331062364,518,790,47696,47696,496870519.3,33.91290323,6210881.492,6,3,0,summer
2021-08-31,Khulna,Gas,331062364,518,790,47696,47696,247968109.2,33.91290323,1968000867,6,0,0,summer
2021-08-31,Khulna,HFO,331062364,518,790,47696,47696,664472073.3,33.91290323,10717291.5,6,2,0,summer
2021-08-31,Dhaka,HSD,1118281058,2154,2304,104634,104634,405694230.5,33.532,5071177.881,1,3,0,summer
2021-08-31,Rajshahi,HFO,525449370,768,1164,39127,39127,1853843370,34.53225806,29900699.52,8,2,0,summer
2021-08-31,Mymensingh,Solar,255213550,450,501,28789,28789,4685563,33.75333333,334683.0714,4,5,0,summer
2021-08-31,Rajshahi,Gas,525449370,768,1164,39127,39127,35079025.19,34.53225806,278404961.8,8,0,0,summer
2021-08-31,Dhaka,Gas,1369612255,2154,2304,126790,126790,1184299770,33.52258065,9399204522,1,0,0,summer
2021-08-31,Rajshahi,HSD,307370827,768,1164,21623,21623,162968625.5,35.01764706,2037107.819,8,3,0,summer
2021-08-31,Rangpur,HSD,6232325,264,265,829,829,69300,33.9,866.25,9,3,0,summer
2021-08-31,Cumilla,HFO,958273092,1566,1631,35968,35968,1364587670,32.95483871,22009478.55,3,2,0,summer
2021-08-31,Rajshahi,Gas/HSD,525449370,768,1164,39127,39127,282468930.5,34.53225806,3138543.672,8,4,0,summer
2021-08-31,Cumilla,HSD,753779210,1566,1631,27855,27855,323923743.4,32.96666667,4049046.792,3,3,0,summer
2021-08-31,Mymensingh,HFO,264394990,450,501,29750,29750,1179819072,33.78709677,19029339.87,4,2,0,summer
2021-08-31,Barisal,HFO,30027114,490,703,731,731,2308669.44,32.45,37236.60387,7,2,0,summer
2021-08-31,Rangpur,HFO,198037581,272,270,24745,24745,511791454.3,33.8483871,8254700.876,9,2,0,summer
2021-08-31,Chattogram,Gas,592929368,968,1083,37438,37438,264517564,32.29032258,2099345746,2,0,0,summer
2021-08-31,Rangpur,Solar,186001160,272,270,23161,23161,165206052.7,33.88275862,11800432.34,9,5,0,summer
2021-08-31,Barisal,Coal,455210366,622,826,11258,11258,1573657399,33.71290323,136047151.3,7,1,0,summer
2021-08-31,Chattogram,HFO,592929368,968,1083,37438,37438,3731031738,32.29032258,60177931.26,2,2,0,summer
2021-08-31,Chattogram,Solar,592929368,968,1083,37438,37438,31239479.25,32.29032258,2231391.375,2,5,0,summer
2021-09-30,Rajshahi,Gas/HSD,442061473,751,1189,33028,33028,220529457.7,33.65769231,2450327.308,8,4,0,summer
2021-09-30,Chattogram,Solar,660981418,1084,1275,38011,38011,33055929.9,33.19333333,2361137.85,2,5,0,summer
2021-09-30,Rangpur,Coal,139256023,274,282,22453,22453,426493115.7,34.33,36871541.08,9,1,0,summer
2021-09-30,Khulna,HFO,409032611,705,838,44203,44203,592098937.6,33.12333333,9549982.865,6,2,0,summer
2021-09-30,Khulna,HSD,409032611,705,838,44203,44203,1668166853,33.12333333,20852085.67,6,3,0,summer
2021-09-30,Barisal,Coal,433532542,617,783,10687,10687,1502754509,33.47,129917395.1,7,1,0,summer
2021-09-30,Rangpur,HFO,139256023,274,282,22453,22453,491117402,34.33,7921248.419,9,2,0,summer
2021-09-30,Mymensingh,HFO,241585160,437,507,29725,29725,1002404006,34.43666667,16167806.55,4,2,0,summer
2021-09-30,Barisal,Gas,433532542,617,783,10687,10687,116919821.4,33.47,927935090.5,7,0,0,summer
2021-09-30,Cumilla,HSD,833608229,1509,1629,30497,30497,514562025.6,34.06923077,6432025.32,3,3,0,summer
2021-09-30,Dhaka,HSD,1158651716,2025,2255,119880,119880,609608257.3,34.01481481,7620103.216,1,3,0,summer
2021-09-30,Rangpur,HSD,6308891,253,282,800,800,3291750,36.3,41146.875,9,3,0,summer
2021-09-30,Rajshahi,HSD,344862396,751,1189,26994,26994,272488531.1,34.17619048,3406106.639,8,3,0,summer
2021-09-30,Rajshahi,HFO,487628181,751,1189,38162,38162,2020987002,34.00333333,32596564.54,8,2,0,summer
2021-09-30,Dhaka,HFO,1280701081,2025,2255,132431,132431,2088663286,33.86666667,33688117.51,1,2,0,summer
2021-09-30,Khulna,Gas,409032611,705,838,44203,44203,247747852.8,33.12333333,1966252800,6,0,0,summer
2021-09-30,Cumilla,HFO,953111704,1509,1629,35047,35047,1394303229,33.94,22488761.76,3,2,0,summer
2021-09-30,Barisal,HFO,110845168,616,783,2665,2665,3509940,34.41428571,56611.93548,7,2,0,summer
2021-09-30,Mymensingh,Gas,241585160,437,507,29725,29725,102944740.8,34.43666667,817021752.4,4,0,0,summer
2021-09-30,Rangpur,Solar,139256023,274,282,22453,22453,12992324.8,34.33,928023.2,9,5,0,summer
2021-09-30,Cumilla,Gas,953111704,1509,1629,35047,35047,752996600.6,33.94,5976163497,3,0,0,summer
2021-09-30,Rajshahi,Gas,487628181,751,1189,38162,38162,31852042.67,34.00333333,252793989.5,8,0,0,summer
2021-09-30,Mymensingh,Solar,241585160,437,507,29725,29725,5569436,34.43666667,397816.8571,4,5,0,summer
2021-09-30,Chattogram,Gas,660981418,1084,1275,38011,38011,215506027.3,33.19333333,1710365296,2,0,0,summer
2021-09-30,Dhaka,Gas,1280701081,2025,2255,132431,132431,1075958342,33.86666667,8539351918,1,0,0,summer
2021-09-30,Chattogram,HFO,660981418,1084,1275,38011,38011,4460301486,33.19333333,71940346.54,2,2,0,summer
2021-09-30,Sylhet,Gas,672681905,1093,1132,16371,16371,856150400.1,34.33,6794844445,5,0,0,summer
2021-10-31,Barisal,HFO,39266115,557,754,1417,1417,6430356.48,33.425,103715.4271,7,2,0,summer
2021-10-31,Rajshahi,Gas/HSD,467286107,811,1168,36552,36552,275735744.5,32.27741935,3063730.494,8,4,0,summer
2021-10-31,Dhaka,HSD,723991301,2122,2315,75611,75611,252781069.2,34.41764706,3159763.365,1,3,0,summer
2021-10-31,Khulna,HFO,368576283,692,811,43208,43208,488712036.1,32.53225806,7882452.195,6,2,0,summer
2021-10-31,Mymensingh,Solar,263924440,481,520,28395,28395,5849980,32.23548387,417855.7143,4,5,0,summer
2021-10-31,Chattogram,Solar,668765785,1174,1282,39296,39296,35740363.05,33.17419355,2552883.075,2,5,0,summer
2021-10-31,Chattogram,HFO,668765785,1174,1282,39296,39296,4443150264,33.17419355,71663713.94,2,2,0,summer
2021-10-31,Rangpur,HFO,146162088,201,195,20638,20638,678216884.1,31.31612903,10938982,9,2,0,summer
2021-10-31,Khulna,Gas,353392683,692,811,39387,39387,224352223.2,32.78571429,1780573200,6,0,0,summer
2021-10-31,Mymensingh,Gas,263924440,481,520,28395,28395,122379883.2,32.23548387,971268914.3,4,0,0,summer
2021-10-31,Cumilla,Gas,915372624,1392,1600,34393,34393,819539212.5,32.73548387,6504279464,3,0,0,summer
2021-10-31,Rangpur,Coal,146162088,201,195,20638,20638,348530448.3,31.31612903,30131447.08,9,1,0,summer
2021-10-31,Mymensingh,HFO,263924440,481,520,28395,28395,999847065.6,32.23548387,16126565.57,4,2,0,summer
2021-10-31,Rajshahi,HSD,146721390,811,1168,10783,10783,87037652.52,35.3125,1087970.657,8,3,0,summer
2021-10-31,Sylhet,Gas,695552887,1061,1087,15347,15347,914724522.5,31.31612903,7259718433,5,0,0,summer
2021-10-31,Rajshahi,HFO,467286107,811,1168,36552,36552,1436306972,32.27741935,23166241.48,8,2,0,summer
2021-10-31,Cumilla,HSD,519634460,1392,1600,19797,19797,224460149.8,34.48235294,2805751.872,3,3,0,summer
2021-10-31,Dhaka,Gas,1209496379,2122,2315,132310,132310,1041799645,32.65483871,8268251155,1,0,0,summer
2021-10-31,Barisal,Coal,418482651,585,754,10044,10044,1465282084,33.08064516,126677797.5,7,1,0,summer
2021-10-31,Rajshahi,Gas,467286107,811,1168,36552,36552,33346892.67,32.27741935,264657878.3,8,0,0,summer
2021-10-31,Dhaka,HFO,1209496379,2122,2315,132310,132310,2005640962,32.65483871,32349047.77,1,2,0,summer
2021-10-31,Rangpur,Solar,146162088,201,195,20638,20638,10647713.7,31.31612903,760550.9786,9,5,0,summer
2021-10-31,Barisal,Gas,418482651,585,754,10044,10044,108085366.7,33.08064516,857820370.6,7,0,0,summer
2021-10-31,Chattogram,Gas,668765785,1174,1282,39296,39296,216960745,33.17419355,1721910675,2,0,0,summer
2021-10-31,Khulna,HSD,368576283,692,811,43208,43208,1506723120,32.53225806,18834039,6,3,0,summer
2021-10-31,Cumilla,HFO,915372624,1392,1600,34393,34393,882461711.2,32.73548387,14233253.41,3,2,0,summer
2021-11-30,Barisal,Coal,314605518,448,553,7099,7099,1071479153,25.24137931,92632415.75,7,1,2,fall
2021-11-30,Cumilla,HFO,739103667,1292,1357,22603,22603,286568277.2,24.36896552,4622068.986,3,2,2,fall
2021-11-30,Chattogram,Solar,468465483,927,1129,34051,34051,39157057.8,26.11724138,2796932.7,2,5,2,fall
2021-11-30,Dhaka,HFO,897980279,1576,1692,101419,101419,865348410.7,24.20689655,13957232.43,1,2,2,fall
2021-11-30,Khulna,HSD,11595456,470,522,1111,1111,24814944,26.4,310186.8,6,3,2,fall
2021-11-30,Sylhet,Gas,628331852,1015,1019,10310,10310,815287993,22.45172414,6470539627,5,0,1,winter
2021-11-30,Chattogram,Gas,468465483,927,1129,34051,34051,170511370.4,26.11724138,1353264845,2,0,2,fall
2021-11-30,Mymensingh,Gas,163157490,335,394,20483,20483,112141470.4,23.95862069,890011669.8,4,0,2,fall
2021-11-30,Chattogram,HFO,468465483,927,1129,34051,34051,3013014730,26.11724138,48597011.77,2,2,2,fall
2021-11-30,Rajshahi,Gas,407675027,630,862,25097,25097,25844694.12,23.90689655,205116620,8,0,2,fall
2021-11-30,Rajshahi,Gas/HSD,407675027,630,862,25097,25097,321757170.6,23.90689655,3575079.673,8,4,2,fall
2021-11-30,Mymensingh,HFO,163157490,335,394,20483,20483,326768832,23.95862069,5270465.032,4,2,2,fall
2021-11-30,Khulna,HFO,173272592,470,522,30397,30397,217437344,24.96896552,3507053.935,6,2,2,fall
2021-11-30,Cumilla,Gas,739103667,1292,1357,22603,22603,725011486.9,24.36896552,5754059420,3,0,2,fall
2021-11-30,Barisal,Gas,314605518,448,553,7099,7099,87389056.93,25.24137931,693563943.9,7,0,2,fall
2021-11-30,Khulna,Gas,168722304,470,522,24210,24210,158119819.2,25.61304348,1254919200,6,0,2,fall
2021-11-30,Dhaka,Gas,897980279,1576,1692,101419,101419,874155719.4,24.20689655,6937743805,1,0,2,fall
2021-11-30,Rangpur,Coal,75730930,217,312,16738,16738,351362985.3,22.45172414,30376327.94,9,1,1,winter
2021-11-30,Rangpur,Solar,75730930,217,312,16738,16738,10518041.95,22.45172414,751288.7107,9,5,1,winter
2021-11-30,Rangpur,HSD,2299111,88,173,572,572,450450,21.6,5630.625,9,3,1,winter
2021-11-30,Mymensingh,Solar,163157490,335,394,20483,20483,5700941,23.95862069,407210.0714,4,5,2,fall
2021-11-30,Rangpur,HFO,75730930,217,312,16738,16738,125879065,22.45172414,2030307.501,9,2,1,winter
2021-11-30,Rajshahi,HFO,407675027,630,862,25097,25097,582240909.2,23.90689655,9390982.406,8,2,2,fall
2021-12-31,Chattogram,HFO,393597125,853,981,31377,31377,2745918849,21.36129032,44289013.69,2,2,1,winter
2021-12-31,Mymensingh,HFO,165522957,297,374,21698,21698,580867282.1,19.79032258,9368827.13,4,2,1,winter
2021-12-31,Rajshahi,HSD,67525898,898,1105,3576,3576,27000908.55,19.175,337511.3569,8,3,1,winter
2021-12-31,Chattogram,Solar,393597125,853,981,31377,31377,37241183.7,21.36129032,2660084.55,2,5,1,winter
2021-12-31,Rangpur,Solar,200748291,495,458,18509,18509,10020869.3,18.68387097,715776.3786,9,5,1,winter
2021-12-31,Dhaka,Gas,744699957,1283,1500,97540,97540,682335842.8,20.08387097,5415363832,1,0,1,winter
2021-12-31,Mymensingh,Solar,165522957,297,374,21698,21698,4865971.92,19.79032258,347569.4229,4,5,1,winter
2021-12-31,Barisal,Coal,351004582,490,750,7582,7582,1196610396,20.81290323,103450367.1,7,1,1,winter
2021-12-31,Rangpur,HSD,18021148,317,336,1815,1815,4541040,16.93333333,56763,9,3,1,winter
2021-12-31,Cumilla,HSD,118722193,1081,1156,3721,3721,4360003.2,19.8,54500.04,3,3,1,winter
2021-12-31,Khulna,HSD,31316898,430,436,7473,7473,21212150.4,19.95714286,265151.88,6,3,1,winter
2021-12-31,Khulna,Gas,152114130,430,568,21894,21894,139297233.6,19.34285714,1105533600,6,0,1,winter
2021-12-31,Rangpur,HFO,200748291,495,458,18509,18509,341091382,18.68387097,5501473.903,9,2,1,winter
2021-12-31,Khulna,HFO,163688975,430,568,32110,32110,310781648.7,20.22580645,5012607.238,6,2,1,winter
2021-12-31,Rajshahi,Gas/HSD,406701598,898,1105,27026,27026,255944647.5,19.57096774,2843829.417,8,4,1,winter
2021-12-31,Mymensingh,Gas,165522957,297,374,21698,21698,94604236.8,19.79032258,750827276.2,4,0,1,winter
2021-12-31,Cumilla,Gas,628412543,1081,1308,22534,22534,604392322.5,20.19677419,4796764464,3,0,1,winter
2021-12-31,Sylhet,Gas,429400877,969,999,10215,10215,648636859.8,18.68387097,5147911586,5,0,1,winter
2021-12-31,Dhaka,HFO,744699957,1283,1500,97540,97540,1142867841,20.08387097,18433352.28,1,2,1,winter
2021-12-31,Rajshahi,Gas,406701598,898,1105,27026,27026,34406299.23,19.57096774,273065866.9,8,0,1,winter
2021-12-31,Barisal,Gas,351004582,490,750,7582,7582,99129203.59,20.81290323,786739711,7,0,1,winter
2021-12-31,Chattogram,Gas,393597125,853,981,31377,31377,97079597.25,21.36129032,770472994,2,0,1,winter
2021-12-31,Dhaka,HSD,135431676,1053,1423,19208,19208,42966838.64,19.46666667,537085.483,1,3,1,winter
2021-12-31,Rajshahi,HFO,406701598,898,1105,27026,27026,1120065654,19.57096774,18065575.07,8,2,1,winter
2021-12-31,Cumilla,HFO,628412543,1081,1308,22534,22534,572300807.4,20.19677419,9230658.183,3,2,1,winter
2021-12-31,Rangpur,Coal,200748291,495,458,18509,18509,869867813.5,18.68387097,75202542.88,9,1,1,winter
2021-12-31,Barisal,HFO,18493991,385,177,499,499,269844.48,16.6,4352.330323,7,2,1,winter
2022-01-31,Khulna,HFO,54366198,165,254,33444,33444,507760656.5,18.36451613,8462677.608,6,2,1,winter
2022-01-31,Rangpur,HFO,223027601,317,327,20176,20176,555380693.5,16.22903226,9256344.892,9,2,1,winter
2022-01-31,Mymensingh,Solar,219018509,404,403,25544,25544,4696721,17.73548387,293545.0625,4,5,1,winter
2022-01-31,Dhaka,HSD,498394406,1138,1151,86326.5,86326.5,393829250.3,18.172,4922865.629,1,3,1,winter
2022-01-31,Rangpur,Coal,223027601,317,327,20176,20176,816053086,16.22903226,43202556.3,9,1,1,winter
2022-01-31,Cumilla,HSD,521677290,1311,1461,16901,16901,87784663.68,18.70454545,1097308.296,3,3,1,winter
2022-01-31,Rajshahi,Gas,466930749,868,1106,29715,29715,32549008.08,17.19032258,258325460.9,8,0,1,winter
2022-01-31,Mymensingh,HFO,219018509,404,403,25544,25544,1061069760,17.73548387,17684496,4,2,1,winter
2022-01-31,Cumilla,Gas,728596839,1311,1461,23552,23552,658183979.1,18.49677419,5223682374,3,0,1,winter
2022-01-31,Rangpur,Solar,223027601,317,327,20176,20176,9123145.2,16.22903226,570196.575,9,5,1,winter
2022-01-31,Chattogram,Gas,435606029,835,980,31401,31401,73677769.3,19.48064516,584744200.8,2,0,1,winter
2022-01-31,Dhaka,Gas,605788260,1138,1151,104931.5,104931.5,370553095.4,17.98709677,2940897583,1,0,1,winter
2022-01-31,Rajshahi,HFO,466930749,868,1106,29715,29715,1911500664,17.19032258,31858344.4,8,2,1,winter
2022-01-31,Rajshahi,HSD,320338065,868,1106,20646,20646,126186354.6,17.36190476,1577329.433,8,3,1,winter
2022-01-31,Sylhet,Gas,614249399,995,983,10393,10393,820513907.4,16.22903226,6512015138,5,0,1,winter
2022-01-31,Mymensingh,Gas,219018509,404,403,25544,25544,52071714.54,17.73548387,413267575.7,4,0,1,winter
2022-01-31,Dhaka,HFO,605788260,1138,1151,104931.5,104931.5,2502869280,17.98709677,41714487.99,1,2,1,winter
2022-01-31,Barisal,Gas,344580540,440,618,7547,7547,107351966.6,19.01290323,851999735.2,7,0,1,winter
2022-01-31,Barisal,HFO,9972242,135,312,481,481,2633794.56,19.65,43896.576,7,2,1,winter
2022-01-31,Barisal,Coal,344580540,440,618,7547,7547,1128461792,19.01290323,59741743.45,7,1,1,winter
2022-01-31,Cumilla,HFO,728596839,1311,1461,23552,23552,745839406.7,18.49677419,12430656.78,3,2,1,winter
2022-01-31,Chattogram,Solar,435606029,835,980,31401,31401,37036024.2,19.48064516,2314751.513,2,5,1,winter
2022-01-31,Rangpur,HSD,21992290,317,327,1902,1902,2250090,16.96666667,28126.125,9,3,1,winter
2022-01-31,Khulna,HSD,48075830,165,254,27206,27206,96589584,18.408,1207369.8,6,3,1,winter
2022-01-31,Chattogram,HFO,435606029,835,980,31401,31401,3257637484,19.48064516,54293958.06,2,2,1,winter
2022-01-31,Rajshahi,Gas/HSD,466930749,868,1106,29715,29715,225595212.5,17.19032258,2374686.447,8,4,1,winter
2022-02-28,Rangpur,HSD,6844289,318,328,712,712,519750,16.6,6496.875,9,3,1,winter
2022-02-28,Khulna,HFO,80485394,415,493,29349.8,29349.8,479940175.5,20.24074074,7999002.926,6,2,1,winter
2022-02-28,Chattogram,Gas,347526510,788,953,27461.73,27461.73,57435605.28,19.44814815,455838137.1,2,0,1,winter
2022-02-28,Rajshahi,Gas,321838235,746,918,26399.2,26399.2,28657868.92,18.26296296,227443404.1,8,0,1,winter
2022-02-28,Mymensingh,Solar,196853438,477,470,22669,22669,5020303,17.76666667,313768.9375,4,5,1,winter
2022-02-28,Barisal,HFO,6039290,152,168,244,244,3417093.12,25.3,56951.552,7,2,2,fall
2022-02-28,Chattogram,HFO,347526510,788,953,27461.73,27461.73,2548037067,19.44814815,42467284.44,2,2,1,winter
2022-02-28,Khulna,HSD,63891698,415,493,22353.6,22353.6,33237540,20.36,415469.25,6,3,1,winter
2022-02-28,Rajshahi,HSD,176339571,723,918,14971.8,14971.8,15738111.27,18.74666667,196726.3909,8,3,1,winter
2022-02-28,Barisal,Gas,333266788,619,758,6454,6454,124991389.3,20.57777778,991995152.9,7,0,1,winter
2022-02-28,Chattogram,Solar,347526510,788,953,27461.73,27461.73,41192871.3,19.44814815,2574554.456,2,5,1,winter
2022-02-28,Rajshahi,Gas/HSD,286841770,746,918,21330.2,21330.2,139893485.5,17.31818182,1472563.005,8,4,1,winter
2022-02-28,Dhaka,HFO,603577022,1331,1623,89830.34,89830.34,1692933335,18.84074074,28215555.58,1,2,1,winter
2022-02-28,Cumilla,HFO,674646795,1291,1361,20053.46,20053.46,690463559.8,19.38148148,11507726,3,2,1,winter
2022-02-28,Mymensingh,Gas,196853438,477,470,22669,22669,73011621.28,17.76666667,579457311.7,4,0,1,winter
2022-02-28,Sylhet,Gas,599861747,1033,1055,9015,9015,771361126,16.50740741,6121913698,5,0,1,winter
2022-02-28,Cumilla,Gas,674646795,1291,1361,20053.46,20053.46,583321139.6,19.38148148,4629532854,3,0,1,winter
2022-02-28,Barisal,Coal,333266788,619,758,6454,6454,1015659425,20.57777778,53769888.56,7,1,1,winter
2022-02-28,Rajshahi,HFO,321838235,746,918,26399.2,26399.2,1493013891,18.26296296,24883564.85,8,2,1,winter
2022-02-28,Dhaka,HSD,525203892,1331,1623,78950.59,78950.59,104194993.8,18.66956522,1302437.422,1,3,1,winter
2022-02-28,Rangpur,Coal,180653738,319,328,17718,17718,714199519.4,16.50740741,37810340.38,9,1,1,winter
2022-02-28,Cumilla,HSD,73723328,1215,1272,2362,2362,2060795.52,22.2,25759.944,3,3,1,winter
2022-02-28,Rangpur,HFO,180653738,319,328,17718,17718,372667838.6,16.50740741,6211130.643,9,2,1,winter
2022-02-28,Mymensingh,HFO,196853438,477,470,22669,22669,797183616,17.76666667,13286393.6,4,2,1,winter
2022-02-28,Rangpur,Solar,180653738,319,328,17718,17718,9931198.55,16.50740741,620699.9094,9,5,1,winter
2022-02-28,Khulna,Gas,44314416,415,493,6485,6485,34072920,24.43333333,270420000,6,0,2,fall
2022-02-28,Dhaka,Gas,603577022,1331,1623,89830.34,89830.34,460392516.3,18.84074074,3653908859,1,0,1,winter
2022-03-31,Dhaka,HSD,1002736058,1788,1975,123079.49,123079.49,635753505.2,27.6862069,7946918.815,1,3,2,fall
2022-03-31,Cumilla,Gas,890489272,1501,1703,30983.5,30983.5,690447807.8,27.78064516,5479744506,3,0,2,fall
2022-03-31,Khulna,HSD,333424865,633,822,38620.6,38620.6,918829874.5,29.12857143,11485373.43,6,3,2,fall
2022-03-31,Mymensingh,Gas,283830500,486,496,30886.1,30886.1,93311164,26.36774194,740564793.7,4,0,2,fall
2022-03-31,Chattogram,Gas,696579998,1086,1236,37932.53,37932.53,154021169.8,27.26451613,1222390236,2,0,2,fall
2022-03-31,Rangpur,Coal,255336343,406,420,24287,24287,1046770180,26.37741935,55416918.84,9,1,2,fall
2022-03-31,Khulna,HFO,363402049,633,822,42099.6,42099.6,838142243.3,28.73870968,13969037.39,6,2,2,fall
2022-03-31,Cumilla,HFO,890489272,1501,1703,30983.5,30983.5,1407611293,27.78064516,23460188.22,3,2,2,fall
2022-03-31,Dhaka,HFO,1060475818,1788,1975,129996.49,129996.49,2375303695,27.59032258,39588394.91,1,2,2,fall
2022-03-31,Sylhet,Gas,572232553,1033,1075,12950,12950,695058005.6,26.37741935,5516333378,5,0,2,fall
2022-03-31,Barisal,Coal,422340948,593,778,10568.3,10568.3,1542196464,28.73225806,81645214.89,7,1,2,fall
2022-03-31,Rangpur,HSD,126675689,396,420,11906,11906,20576196,27.58,257202.45,9,3,2,fall
2022-03-31,Dhaka,Gas,1060475818,1788,1975,129996.49,129996.49,843447961.1,27.59032258,6694031438,1,0,2,fall
2022-03-31,Cumilla,HSD,694173481,1501,1703,23824.5,23824.5,269147733.1,27.95,3364346.664,3,3,2,fall
2022-03-31,Mymensingh,HFO,283830500,486,496,30886.1,30886.1,1266224640,26.36774194,21103744,4,2,2,fall
2022-03-31,Rajshahi,HSD,279653727,928,1184,27981.8,27981.8,209485192.1,28.07272727,2618564.902,8,3,2,fall
2022-03-31,Rajshahi,HFO,378711779,928,1184,39224.4,39224.4,2160229632,28.03548387,36003827.2,8,2,2,fall
2022-03-31,Barisal,Gas,422340948,593,778,10568.3,10568.3,83801746.9,28.73225806,665093229.4,7,0,2,fall
2022-03-31,Barisal,HFO,211750971,593,778,5837.3,5837.3,37610823.68,31.62142857,626847.0613,7,2,0,summer
2022-03-31,Khulna,Gas,363402049,633,822,42099.6,42099.6,227592590.4,28.73870968,1806290400,6,0,2,fall
2022-03-31,Rajshahi,Gas/HSD,230732116,928,1184,19599.4,19599.4,103432100.3,31.20714286,1088758.951,8,4,0,summer
2022-03-31,Rajshahi,Gas,378711779,928,1184,39224.4,39224.4,37702360.32,28.03548387,299225081.9,8,0,2,fall
2022-03-31,Rangpur,HFO,255336343,406,420,24287,24287,502129462.8,26.37741935,8368824.38,9,2,2,fall
2022-03-31,Chattogram,HFO,696579998,1086,1236,37932.53,37932.53,5018602022,27.26451613,83643367.04,2,2,2,fall
2022-03-31,Chattogram,Solar,696579998,1086,1236,37932.53,37932.53,45703224,27.26451613,2856451.5,2,5,2,fall
2022-03-31,Rangpur,Solar,255336343,406,420,24287,24287,13482922.7,26.37741935,842682.6688,9,5,2,fall
2022-03-31,Mymensingh,Solar,283830500,486,496,30886.1,30886.1,6725086,26.36774194,420317.875,4,5,2,fall
2022-04-30,Barisal,HFO,520035990,1065,1252,12028.8,12028.8,218343497.6,33.6,3639058.293,7,2,0,summer
2022-04-30,Rajshahi,HFO,629561822,859,1164,43536.6,42916.6,2125557803,33.82333333,35425963.38,8,2,0,summer
2022-04-30,Dhaka,HFO,1224443313,2339,2633,141648.17,141390.17,3075818013,32.82666667,51263633.55,1,2,0,summer
2022-04-30,Rajshahi,Gas,629561822,859,1164,43536.6,42916.6,31394566.04,33.82333333,249163222.6,8,0,0,summer
2022-04-30,Barisal,Gas,520035990,1065,1252,12028.8,12028.8,95386576.46,33.6,757036321.1,7,0,0,summer
2022-04-30,Cumilla,HFO,737860235,1303,1458,38135,38003,1357733155,32.68,22628885.91,3,2,0,summer
2022-04-30,Mymensingh,Solar,228719720,407,487,30531.5,29675.5,5191658,30.83666667,324478.625,4,5,0,summer
2022-04-30,Chattogram,Solar,666556573,1066,1242,39342.59,39277.59,40940893.35,32.42,2558805.834,2,5,0,summer
2022-04-30,Barisal,Coal,520035990,1065,1252,12028.8,12028.8,1848331797,33.6,97852284.24,7,1,0,summer
2022-04-30,Rangpur,HSD,181779174,439,488,15122,14941,58587840,28.925,732348,9,3,2,fall
2022-04-30,Dhaka,Gas,1224443313,2339,2633,141648.17,141390.17,918805325.3,32.82666667,7292105756,1,0,0,summer
2022-04-30,Chattogram,HFO,666556573,1066,1242,39342.59,39277.59,4993194323,32.42,83219905.39,2,2,0,summer
2022-04-30,Cumilla,HSD,630977833,1303,1458,32550,32418,599871121.9,32.936,7498389.024,3,3,0,summer
2022-04-30,Rangpur,HFO,252652558,439,488,22340,22159,475534693.4,29.05666667,7925578.224,9,2,2,fall
2022-04-30,Mymensingh,HFO,228719720,407,487,30531.5,29675.5,1022387328,30.83666667,17039788.8,4,2,0,summer
2022-04-30,Rajshahi,HSD,542394212,859,1164,35566,34946,472938334.5,33.9,5911729.181,8,3,0,summer
2022-04-30,Sylhet,Gas,678194316,1111,1140,15199,15169,875926258.7,29.05666667,6951795704,5,0,2,fall
2022-04-30,Rangpur,Solar,252652558,439,488,22340,22159,10822823.05,29.05666667,676426.4406,9,5,2,fall
2022-04-30,Khulna,Gas,422182044,684,1040,50118.64,49625.64,185604942.6,34.00666667,1473055100,6,0,0,summer
2022-04-30,Rangpur,Coal,252652558,439,488,22340,22159,1053249561,29.05666667,55759942.89,9,1,2,fall
2022-04-30,Rajshahi,Gas/HSD,629561822,859,1164,43536.6,42916.6,343619990,33.82333333,3617052.526,8,4,0,summer
2022-04-30,Dhaka,HSD,1146416917,2339,2633,134552.86,134294.86,819269667,32.94285714,10240870.84,1,3,0,summer
2022-04-30,Cumilla,Gas,737860235,1303,1458,38135,38003,534421682.4,32.68,4241441924,3,0,0,summer
2022-04-30,Khulna,HFO,422182044,684,1040,50118.64,49625.64,1289457078,34.00666667,21490951.3,6,2,0,summer
2022-04-30,Mymensingh,Gas,228719720,407,487,30531.5,29675.5,80589277.2,30.83666667,639597438.1,4,0,0,summer
2022-04-30,Khulna,HSD,422182044,684,1040,50118.64,49625.64,1609755230,34.00666667,20121940.38,6,3,0,summer
2022-04-30,Chattogram,Gas,666556573,1066,1242,39342.59,39277.59,103727969.7,32.42,823237854.8,2,0,0,summer
2022-05-31,Rangpur,HFO,207962005,373,400,23897,23897,778405357.4,30.76129032,12973422.62,9,2,0,summer
2022-05-31,Cumilla,HSD,339133020,962,1287,19410,19410,200760026.9,33.275,2509500.336,3,3,0,summer
2022-05-31,Chattogram,Gas,589343410,1009,1288,39590.64,39590.64,141908539.8,32.40645161,1126258253,2,0,0,summer
2022-05-31,Khulna,Solar,162715106,662,801,19528.76,19528.76,90579060,34.80769231,5661191.25,6,5,0,summer
2022-05-31,Rangpur,HSD,45711442,373,400,4888,4888,5116880,31.73333333,63961,9,3,0,summer
2022-05-31,Chattogram,HFO,589343410,1009,1288,39590.64,39590.64,5181311825,32.40645161,86355197.08,2,2,0,summer
2022-05-31,Mymensingh,Gas,265280160,510,523,29413,29413,109839388.8,31.36451613,871741181,4,0,0,summer
2022-05-31,Dhaka,HSD,763268583,2316,2688,76868.83,76868.83,417008092,33.60625,5212601.15,1,3,0,summer
2022-05-31,Dhaka,Gas,1380986892,2316,2688,129134.08,129134.08,1111996528,32.76774194,8825369272,1,0,0,summer
2022-05-31,Mymensingh,HFO,265280160,510,523,29413,29413,1599539318,31.36451613,26658988.64,4,2,0,summer
2022-05-31,Rajshahi,HSD,211910147,764,1167,16047.3,16047.3,121327521.2,34.44166667,1516594.015,8,3,0,summer
2022-05-31,Barisal,Gas,726271619,990,1235,11453,11453,96416356.67,33.55483871,765209179.9,7,0,0,summer
2022-05-31,Barisal,HFO,690511637,990,1235,10867.5,10867.5,203781713.3,33.73448276,3396361.888,7,2,0,summer
2022-05-31,Rangpur,Solar,207962005,373,400,23897,23897,14850117.1,30.76129032,928132.3188,9,5,0,summer
2022-05-31,Rajshahi,Gas/HSD,442623373,764,1167,36971.1,36971.1,253699190.9,33.42333333,2670517.799,8,4,0,summer
2022-05-31,Cumilla,HFO,631981814,962,1287,36368,36368,1366984702,32.61290323,22783078.36,3,2,0,summer
2022-05-31,Rangpur,Coal,207962005,373,400,23897,23897,745357948,30.76129032,39459894.54,9,1,0,summer
2022-05-31,Chattogram,Solar,589343410,1009,1288,39590.64,39590.64,35200635.75,32.40645161,2200039.734,2,5,0,summer
2022-05-31,Dhaka,HFO,1380986892,2316,2688,129134.08,129134.08,4228664698,32.76774194,70477744.96,1,2,0,summer
2022-05-31,Khulna,HSD,176002009,662,851,22541.16,22541.16,140802240,34.72857143,1760028,6,3,0,summer
2022-05-31,Khulna,HFO,306856385,662,851,46541.76,46541.76,1358764474,33.82580645,22646074.56,6,2,0,summer
2022-05-31,Khulna,Gas,306596705,662,851,45173.56,45173.56,189698987.5,33.94333333,1505547520,6,0,0,summer
2022-05-31,Rajshahi,HFO,445482377,764,1167,38013.7,38013.7,1827018154,33.29032258,30450302.57,8,2,0,summer
2022-05-31,Mymensingh,Solar,265280160,510,523,29413,29413,61949184,31.36451613,3871824,4,5,0,summer
2022-05-31,Rajshahi,Gas,442623373,764,1167,36971.1,36971.1,28863984.15,33.42333333,229079239.3,8,0,0,summer
2022-05-31,Cumilla,Gas,631981814,962,1287,36368,36368,524682999.9,32.61290323,4164150793,3,0,0,summer
2022-05-31,Sylhet,Gas,765188166,1334,1354,14148,14148,925027737.5,30.76129032,7341489980,5,0,0,summer
2022-05-31,Barisal,Coal,726271619,990,1235,11453,11453,4059176037,33.55483871,214896290.8,7,1,0,summer
2022-05-31,Rajshahi,Solar,212351081,764,1167,16035.1,16035.1,4338289.8,33.91538462,271143.1125,8,5,0,summer
2022-06-30,Mymensingh,Solar,282249850,558,557,28336,28336,84872522.4,31.93448276,5304532.65,4,5,0,summer
2022-06-30,Sylhet,Gas,736976353,1224,1286,12525,12525,811266214,32.15517241,6438620746,5,0,0,summer
2022-06-30,Barisal,Gas,598520882,1085,1303,10895.5,10895.5,97448557.6,33.18275862,773401250.8,7,0,0,summer
2022-06-30,Khulna,HSD,428092630,880,1024,38407.4,38407.4,2405363927,34.275,30067049.09,6,3,0,summer
2022-06-30,Barisal,Coal,598520882,1085,1303,10895.5,10895.5,4497221667,33.18275862,238086805.4,7,1,0,summer
2022-06-30,Khulna,Solar,475590265,880,1024,46073.8,46073.8,152510644.8,33.98965517,9531915.3,6,5,0,summer
2022-06-30,Mymensingh,Gas,282249850,558,557,28336,28336,95049744,31.93448276,754363047.6,4,0,0,summer
2022-06-30,Rangpur,Solar,206326042,357,453,21612,21612,8233078.75,32.15185185,514567.4219,9,5,0,summer
2022-06-30,Mymensingh,HFO,282249850,558,557,28336,28336,2477750784,31.93448276,41295846.4,4,2,0,summer
2022-06-30,Rajshahi,Gas/HSD,465698251,716,1108,38478.9,38478.9,242761094.7,34.34482759,2555379.945,8,4,0,summer
2022-06-30,Cumilla,Gas,756387255,1353,1529,33216.5,33216.5,711992602.3,31.97241379,5650734939,3,0,0,summer
2022-06-30,Dhaka,Solar,450992913,2673,2696,37723.35,37723.35,15915308.75,32.95,994706.7969,1,5,0,summer
2022-06-30,Barisal,HFO,598520882,1085,1303,10895.5,10895.5,231015112.2,33.18275862,3850251.87,7,2,0,summer
2022-06-30,Rangpur,Coal,223199046,401,463,23150,23150,681643863.6,32.15517241,36086815.8,9,1,0,summer
2022-06-30,Dhaka,HFO,1517621429,2673,2696,134026.96,134026.96,6748804872,32.86551724,112480081.2,1,2,0,summer
2022-06-30,Cumilla,HFO,756387255,1353,1529,33216.5,33216.5,1708432462,31.97241379,28473874.37,3,2,0,summer
2022-06-30,Chattogram,Gas,687379046,1198,1314,37188.56,37188.56,189784379.5,31.10344828,1506225234,2,0,0,summer
2022-06-30,Rajshahi,Gas,465698251,716,1108,38478.9,38478.9,36094536.04,34.34482759,286464571.8,8,0,0,summer
2022-06-30,Khulna,HFO,475590265,880,1024,46073.8,46073.8,1867587234,33.98965517,31126453.9,6,2,0,summer
2022-06-30,Dhaka,HSD,1322734243,2673,2696,118001.65,118001.65,803118484.4,33.104,10038981.05,1,3,0,summer
2022-06-30,Rajshahi,HFO,465698251,716,1108,38478.9,38478.9,2360460346,34.34482759,39341005.77,8,2,0,summer
2022-06-30,Chattogram,Solar,687379046,1198,1314,37188.56,37188.56,30406216.05,31.10344828,1900388.503,2,5,0,summer
2022-06-30,Rangpur,HFO,223199046,401,463,23150,23150,1305205184,32.15517241,21753419.74,9,2,0,summer
2022-06-30,Rangpur,HSD,65670470,401,463,6098,6098,19467920,31.85,243349,9,3,0,summer
2022-06-30,Rajshahi,HSD,353141636,716,1108,28126.8,28126.8,409706449.7,34.61904762,5121330.622,8,3,0,summer
2022-06-30,Chattogram,HFO,687379046,1198,1314,37188.56,37188.56,6987614568,31.10344828,116460242.8,2,2,0,summer
2022-06-30,Dhaka,Gas,1517621429,2673,2696,134026.96,134026.96,1102804439,32.86551724,8752416184,1,0,0,summer
2022-06-30,Cumilla,HSD,587717294,1353,1529,26857.5,26857.5,553098516.5,32.46956522,6913731.456,3,3,0,summer
2022-06-30,Khulna,Gas,475590265,880,1024,46073.8,46073.8,199517230.1,33.98965517,1583470080,6,0,0,summer
2022-06-30,Rajshahi,Solar,465698251,716,1108,38478.9,38478.9,8189616.24,34.34482759,511851.015,8,5,0,summer
2022-07-31,Chattogram,Solar,676224176,1124,1359,37854.96882,36528.79,36551532.15,33.3,2284470.759,2,5,0,summer
2022-07-31,Dhaka,HSD,490340571,2160,2131,53539.99,51738.99,352517672.5,34.03333333,4406470.907,1,3,0,summer
2022-07-31,Rangpur,Solar,265442562,433,498,26248,23991,12772617.65,34.95666667,798288.6031,9,5,0,summer
2022-07-31,Barisal,Gas,725774916,1069,1238,11563.57,11563.57,91315730.56,33.79666667,724728020.3,7,0,0,summer
2022-07-31,Rajshahi,Gas/HSD,540065151,954,1128,42372.9,39483.9,257673591.5,34.76,2712353.594,8,4,0,summer
2022-07-31,Barisal,HFO,725774916,1069,1238,11563.57,11563.57,287724836.6,33.79666667,4795413.943,7,2,0,summer
2022-07-31,Dhaka,HFO,1216189212,2160,2511,129653.1696,125138.22,5347960479,34.26333333,89132674.66,1,2,0,summer
2022-07-31,Cumilla,Gas,876463713,1469,1630,37901,35309,836151443.2,34.07,6636122565,3,0,0,summer
2022-07-31,Rangpur,Coal,265442562,433,498,26248,23991,777410994,34.95666667,41156810.52,9,1,0,summer
2022-07-31,Khulna,Gas,403712517,833,911,49254.4,46366.4,203711155.2,33.88333333,1616755200,6,0,0,summer
2022-07-31,Cumilla,HFO,876463713,1469,1630,37901,35309,1928212985,34.07,32136883.09,3,2,0,summer
2022-07-31,Mymensingh,HFO,279948950,497,548,32048,28970,2445749631,34.54666667,40762493.85,4,2,0,summer
2022-07-31,Sylhet,Gas,684252019,1122,1158,15589.81746,14880,747408297.1,34.95666667,5931811881,5,0,0,summer
2022-07-31,Barisal,Coal,725774916,1069,1238,11563.57,11563.57,5658686351,33.79666667,299575750.5,7,1,0,summer
2022-07-31,Rajshahi,Solar,540065151,954,1128,42372.9,39483.9,9722980.8,34.76,607686.3,8,5,0,summer
2022-07-31,Rajshahi,HFO,540065151,954,1128,42372.9,39483.9,3343168631,34.76,55719477.18,8,2,0,summer
2022-07-31,Rajshahi,HSD,211193467,954,1128,15502.3,14803.3,255772893.4,34.99090909,3197161.168,8,3,0,summer
2022-07-31,Dhaka,Gas,1216189212,2160,2511,129653.1696,125138.22,915923570.4,34.26333333,7269234685,1,0,0,summer
2022-07-31,Cumilla,HSD,353588052,1469,1630,15185.5,14404.5,378958141.4,33.775,4736976.768,3,3,0,summer
2022-07-31,Mymensingh,Gas,279948950,497,548,32048,28970,91488844.8,34.54666667,726101942.9,4,0,0,summer
2022-07-31,Rangpur,HFO,265442562,433,498,26248,23991,1616390036,34.95666667,26939833.93,9,2,0,summer
2022-07-31,Dhaka,Solar,1216189212,2160,2511,129653.1696,125138.22,72701744.6,34.26333333,4543859.038,1,5,0,summer
2022-07-31,Rangpur,HSD,63086698,433,498,5876,5403,63496550,35.52857143,793706.875,9,3,0,summer
2022-07-31,Mymensingh,Solar,279948950,497,548,32048,28970,127001690.7,34.54666667,7937605.669,4,5,0,summer
2022-07-31,Khulna,HSD,200167036,833,911,19633,18691,911896191.9,33.75,11398702.4,6,3,0,summer
2022-07-31,Chattogram,HFO,676224176,1124,1359,37854.96882,36528.79,6954416738,33.3,115906945.6,2,2,0,summer
2022-07-31,Chattogram,Gas,676224176,1124,1359,37854.96882,36528.79,207944226.7,33.3,1650351006,2,0,0,summer
2022-07-31,Khulna,HFO,403712517,833,911,49254.4,46366.4,2166687770,33.88333333,36111462.84,6,2,0,summer
2022-07-31,Rajshahi,Gas,540065151,954,1128,42372.9,39483.9,44724695.43,34.76,354957900.2,8,0,0,summer
2022-07-31,Khulna,Solar,403712517,833,911,49254.4,46366.4,202010306.4,33.88333333,12625644.15,6,5,0,summer
2022-08-31,Rangpur,HFO,322394381,523,522,27090.1244,25625,1399239408,34.57096774,23320656.79,9,2,0,summer
2022-08-31,Sylhet,Gas,724992463,1136,1213,17703,16755,791238089.6,34.57096774,6279667378,5,0,0,summer
2022-08-31,Dhaka,HSD,1115740208,2173,2591,118227.13,115279.13,1586154307,33.68,19826928.83,1,3,0,summer
2022-08-31,Mymensingh,Solar,227569108,492,476,34811,28782,136929257.5,34.48387097,8558078.594,4,5,0,summer
2022-08-31,Mymensingh,Gas,227569108,492,476,34811,28782,76031424,34.48387097,603424000,4,0,0,summer
2022-08-31,Cumilla,Gas,1047640344,1546,1792,39679.31357,36765.5,949853273.4,34.01612903,7538518043,3,0,0,summer
2022-08-31,Rangpur,Coal,322394381,523,522,27090.1244,25625,1162092991,34.57096774,61522208.23,9,1,0,summer
2022-08-31,Dhaka,HFO,1351497808,2173,2591,145588.75,141190.75,4753231619,33.93225806,79220526.98,1,2,0,summer
2022-08-31,Khulna,HFO,425935167,724,782,49100.62088,46119.2,1594539815,33.53225806,26575663.59,6,2,0,summer
2022-08-31,Chattogram,Gas,547472930,883,1235,41064.9,40480.9,217446992.1,33.10967742,1725769778,2,0,0,summer
2022-08-31,Cumilla,HFO,1047640344,1546,1792,39679.31357,36765.5,2278455254,34.01612903,37974254.23,3,2,0,summer
2022-08-31,Rajshahi,Solar,547322536,780,1071,43258.8,40912.8,10444332.6,34.06774194,652770.7875,8,5,0,summer
2022-08-31,Khulna,HSD,381136730,724,782,41144.02088,38923.6,2857408765,33.25384615,35717609.56,6,3,0,summer
2022-08-31,Barisal,Coal,833775200,1302,1402,11498.69,11498.69,6191452156,33.46774194,327780833.1,7,1,0,summer
2022-08-31,Mymensingh,HFO,227569108,492,476,34811,28782,1918882570,34.48387097,31981376.17,4,2,0,summer
2022-08-31,Rajshahi,HFO,547322536,780,1071,43258.8,40912.8,3007674020,34.06774194,50127900.33,8,2,0,summer
2022-08-31,Dhaka,Solar,1351497808,2173,2591,145588.75,141190.75,71749580.55,33.93225806,4484348.784,1,5,0,summer
2022-08-31,Rajshahi,HSD,446314567,780,1071,35157,33568,1370887579,33.864,17136094.74,8,3,0,summer
2022-08-31,Barisal,HFO,833775200,1302,1402,11498.69,11498.69,329551795.2,33.46774194,5492529.92,7,2,0,summer
2022-08-31,Rangpur,Solar,322394381,523,522,27090.1244,25625,13115189.75,34.57096774,819699.3594,9,5,0,summer
2022-08-31,Cumilla,HSD,812088942,1546,1792,30884.81357,28992,1474245243,33.87916667,18428065.54,3,3,0,summer
2022-08-31,Chattogram,Solar,547472930,883,1235,41064.9,40480.9,34384732.2,33.10967742,2149045.763,2,5,0,summer
2022-08-31,Rajshahi,Gas/HSD,547322536,780,1071,43258.8,40912.8,244529085.2,34.06774194,2573990.371,8,4,0,summer
2022-08-31,Khulna,Gas,425935167,724,782,49100.62088,46119.2,156620943.4,33.53225806,1243023360,6,0,0,summer
2022-08-31,Chattogram,HFO,547472930,883,1235,41064.9,40480.9,5434910727,33.10967742,90581845.45,2,2,0,summer
2022-08-31,Khulna,Solar,425935167,724,782,49100.62088,46119.2,186030762,33.53225806,11626922.63,6,5,0,summer
2022-08-31,Dhaka,Gas,1351497808,2173,2591,145588.75,141190.75,1049963014,33.93225806,8333039794,1,0,0,summer
2022-08-31,Rajshahi,Gas,547322536,780,1071,43258.8,40912.8,35121456.76,34.06774194,278741720.3,8,0,0,summer
2022-08-31,Barisal,Gas,833775200,1302,1402,11498.69,11498.69,139487849.9,33.46774194,1107046428,7,0,0,summer
2022-09-30,Rangpur,Solar,293162643,498,532,24829,23329,11120742.1,32.9137931,695046.3813,9,5,0,summer
2022-09-30,Khulna,HFO,385600391,610,805,46102.64,43966.64,995955499.3,33.5,16599258.32,6,2,0,summer
2022-09-30,Dhaka,HFO,1273381695,2172,2578,136248.61,133271.61,4618401801,33.47241379,76973363.35,1,2,0,summer
2022-09-30,Chattogram,Gas,580030474,914,1211,38170.7,37855.7,143939924.2,32.79655172,1142380350,2,0,0,summer
2022-09-30,Chattogram,Solar,580030474,914,1211,38170.7,37855.7,30797597.25,32.79655172,1924849.828,2,5,0,summer
2022-09-30,Cumilla,HFO,861495054,1487,1606,36582,35081,1972313068,33.23793103,32871884.47,3,2,0,summer
2022-09-30,Khulna,Gas,385600391,610,805,46102.64,43966.64,176200657.9,33.5,1398417920,6,0,0,summer
2022-09-30,Rajshahi,Solar,445764689,738,1027,39033.68,37300.68,8280887.94,33.75517241,517555.4963,8,5,0,summer
2022-09-30,Barisal,Coal,774804950,1075,1304,10868.24,10868.24,6220804213,33.60689655,329334756.4,7,1,0,summer
2022-09-30,Mymensingh,HFO,238897430,416,438,31622,27342,2200326624,33.24137931,36672110.4,4,2,0,summer
2022-09-30,Chattogram,HFO,580030474,914,1211,38170.7,37855.7,6145852053,32.79655172,102430867.5,2,2,0,summer
2022-09-30,Khulna,HSD,385600391,610,805,46102.64,43966.64,2513883524,33.5,31423544.05,6,3,0,summer
2022-09-30,Rajshahi,Gas,445764689,738,1027,39033.68,37300.68,31030096.68,33.75517241,246270608.6,8,0,0,summer
2022-09-30,Cumilla,HSD,773443044,1487,1606,33394,31897,1517164616,33.58461538,18964557.7,3,3,0,summer
2022-09-30,Rajshahi,HFO,445764689,738,1027,39033.68,37300.68,1806773622,33.75517241,30112893.7,8,2,0,summer
2022-09-30,Barisal,HFO,774804950,1075,1304,10868.24,10868.24,149911574.7,33.60689655,2498526.245,7,2,0,summer
2022-09-30,Dhaka,Gas,1273381695,2172,2578,136248.61,133271.61,995256693.5,33.47241379,7898862647,1,0,0,summer
2022-09-30,Dhaka,Solar,1273381695,2172,2578,136248.61,133271.61,57910189.95,33.47241379,3619386.872,1,5,0,summer
2022-09-30,Rangpur,HSD,10391155,424,514,873,743,246050,33,3075.625,9,3,0,summer
2022-09-30,Rajshahi,Gas/HSD,445764689,738,1027,39033.68,37300.68,238060802.4,33.75517241,2505903.183,8,4,0,summer
2022-09-30,Rangpur,HFO,293162643,498,532,24829,23329,885454125.4,32.9137931,14757568.76,9,2,0,summer
2022-09-30,Cumilla,Gas,861495054,1487,1606,36582,35081,754261939,33.23793103,5986205865,3,0,0,summer
2022-09-30,Dhaka,HSD,1190463782,2172,2578,127657.28,124700.28,1482830847,33.67407407,18535385.59,1,3,0,summer
2022-09-30,Rangpur,Coal,293162643,498,532,24829,23329,1230062236,32.9137931,65120558.82,9,1,0,summer
2022-09-30,Rajshahi,HSD,411402033,738,1027,35525.18,33792.18,989504910.3,34.04615385,12368811.38,8,3,0,summer
2022-09-30,Barisal,Gas,774804950,1075,1304,10868.24,10868.24,92053790.72,33.60689655,730585640.6,7,0,0,summer
2022-09-30,Mymensingh,Gas,238897430,416,438,31622,27342,66627427.2,33.24137931,528789104.8,4,0,0,summer
2022-09-30,Mymensingh,Solar,238897430,416,438,31622,27342,106947360,33.24137931,6684210,4,5,0,summer
2022-09-30,Khulna,Solar,385600391,610,805,46102.64,43966.64,162991634.4,33.5,10186977.15,6,5,0,summer
2022-09-30,Sylhet,Gas,713521575,1202,1191,16195,15111,766930810.5,32.9137931,6086752464,5,0,0,summer
2022-10-31,Khulna,HFO,318308729,523,775,42692.4,41964.4,1203172032,31.13225806,20052867.2,6,2,0,summer
2022-10-31,Barisal,HFO,562192744,1058,1270,8100.07,8100.07,78421660.8,32.84782609,1307027.68,7,2,0,summer
2022-10-31,Cumilla,HSD,647672931,1268,1465,31643.5,27979.5,371356201,31.66296296,4641952.512,3,3,0,summer
2022-10-31,Rajshahi,HSD,361803730,615,921,30994.2,30054.2,206354005.8,31.072,2579425.073,8,3,0,summer
2022-10-31,Dhaka,Gas,1082549992,1774,2040,136894.83,128742.83,776678964.3,31.1,6164118764,1,0,0,summer
2022-10-31,Barisal,Coal,715500657,1058,1270,9708.05,9708.05,5830815193,31.5516129,308688400.3,7,1,0,summer
2022-10-31,Rajshahi,HFO,431431710,615,921,37423.2,36388.2,2297194975,30.69354839,38286582.92,8,2,0,summer
2022-10-31,Dhaka,HFO,1082549992,1774,2040,136894.83,128742.83,5141194905,31.1,85686581.75,1,2,0,summer
2022-10-31,Mymensingh,Gas,218862440,359,437,30556,25706,61444608,30.53870968,487655619,4,0,0,summer
2022-10-31,Rajshahi,Gas/HSD,431431710,615,921,37423.2,36388.2,226843837.1,30.69354839,2387829.864,8,4,0,summer
2022-10-31,Rangpur,Coal,147199979,347,400,21816,20763,411701763.3,29.67419355,21795847.49,9,1,2,fall
2022-10-31,Dhaka,HSD,986096500,1774,2040,125360.88,117456.88,557480524.4,31.42142857,6968506.555,1,3,0,summer
2022-10-31,Rangpur,HFO,147199979,347,400,21816,20763,993324024.5,29.67419355,16555400.41,9,2,2,fall
2022-10-31,Sylhet,Gas,691282165,1079,1073,15717,13684,746645772.1,29.67419355,5925760096,5,0,2,fall
2022-10-31,Barisal,Gas,715500657,1058,1270,9708.05,9708.05,80324410.84,31.5516129,637495324.1,7,0,0,summer
2022-10-31,Mymensingh,Solar,218862440,359,437,30556,25706,134305870.5,30.53870968,8394116.906,4,5,0,summer
2022-10-31,Cumilla,Gas,726267835,1268,1465,35263,31470,667854123.1,31.27419355,5300429549,3,0,0,summer
2022-10-31,Dhaka,Solar,1082549992,1774,2040,136894.83,128742.83,63274066.95,31.1,3954629.184,1,5,0,summer
2022-10-31,Rangpur,Solar,147199979,347,400,21816,20763,12345037.9,29.67419355,771564.8688,9,5,2,fall
2022-10-31,Chattogram,HFO,548382206,940,1145,38158.27,36514.27,6297352370,32.11290323,104955872.8,2,2,0,summer
2022-10-31,Chattogram,Gas,548382206,940,1145,38158.27,36514.27,60261258.78,32.11290323,478263958.6,2,0,0,summer
2022-10-31,Cumilla,HFO,726267835,1268,1465,35263,31470,1822073456,31.27419355,30367890.93,3,2,0,summer
2022-10-31,Rajshahi,Gas,362287522,615,921,31121.6,30086.6,27493569.93,31.344,218202935.9,8,0,0,summer
2022-10-31,Rajshahi,Solar,431431710,615,921,37423.2,36388.2,10703557.8,30.69354839,668972.3625,8,5,0,summer
2022-10-31,Khulna,Gas,318308729,523,775,42692.4,41964.4,181322615,31.13225806,1439068373,6,0,0,summer
2022-10-31,Mymensingh,HFO,218862440,359,437,30556,25706,1970798646,30.53870968,32846644.11,4,2,0,summer
2022-10-31,Khulna,HSD,283098805,523,775,37756.4,37028.4,993186340.2,31.80769231,12414829.25,6,3,0,summer
2022-10-31,Khulna,Solar,318308729,523,775,42692.4,41964.4,181875996,31.13225806,11367249.75,6,5,0,summer
2022-10-31,Chattogram,Solar,548382206,940,1145,38158.27,36514.27,41397797,32.11290323,2587362.313,2,5,0,summer
2022-11-30,Rangpur,Solar,220861010,502,516,18916,18820,11598831.4,23.73,724926.9625,9,5,2,fall
2022-11-30,Sylhet,Gas,635265535,1071,1086,11961,11836,700377693.2,23.73,5558553120,5,0,2,fall
2022-11-30,Rangpur,Coal,220861010,502,516,18916,18820,827882817.3,23.73,43828832.51,9,1,2,fall
2022-11-30,Rajshahi,HSD,126855899,441,823,11917.2,11832.2,24917854.14,25.625,311473.1768,8,3,2,fall
2022-11-30,Rajshahi,HFO,305414212,502,823,28715.5,28630.5,1591474444,24.15666667,26524574.07,8,2,2,fall
2022-11-30,Mymensingh,Solar,163870560,348,334,23371,23030,138716397.5,24.68666667,8669774.844,4,5,2,fall
2022-11-30,Rangpur,HFO,220861010,502,516,18916,18820,918870189.9,23.73,15314503.17,9,2,2,fall
2022-11-30,Rajshahi,Solar,305414212,502,823,28715.5,28630.5,10383563.97,24.15666667,648972.7481,8,5,2,fall
2022-11-30,Mymensingh,HFO,163870560,348,334,23371,23030,1305727238,24.68666667,21762120.64,4,2,2,fall
2022-11-30,Rajshahi,Gas/HSD,305414212,502,823,28715.5,28630.5,163336217.2,24.15666667,1719328.602,8,4,2,fall
2022-11-30,Rajshahi,Gas,283825361,502,788,26566.9,26566.9,28708791.95,23.89285714,227847555.1,8,0,2,fall
2022-11-30,Khulna,HFO,202695203,374,519,33560.9,33439.9,801689218.3,24.81333333,13361486.97,6,2,2,fall
2022-11-30,Cumilla,Gas,574991495,1204,1329,27096,26834,508065323.8,25.61,4032264475,3,0,2,fall
2022-11-30,Dhaka,Solar,908555423,1875,2025,119956.29,119651.29,62403533.35,24.84333333,3900220.834,1,5,2,fall
2022-11-30,Barisal,HFO,46177876,932,1062,592.52,592.52,3336969.6,29.3,55616.16,7,2,2,fall
2022-11-30,Khulna,Gas,202695203,374,519,33560.9,33439.9,142426045.4,24.81333333,1130365440,6,0,2,fall
2022-11-30,Dhaka,HSD,787822588,1875,2025,104426.2,104230.2,456613756.2,24.91153846,5707671.952,1,3,2,fall
2022-11-30,Barisal,Coal,580258835,932,1062,7689.29,7689.29,4523930911,25.48666667,239500815.9,7,1,2,fall
2022-11-30,Dhaka,HFO,908555423,1875,2025,119956.29,119651.29,4487352525,24.84333333,74789208.74,1,2,2,fall
2022-11-30,Mymensingh,Gas,163870560,348,334,23371,23030,57331209.6,24.68666667,455009600,4,0,2,fall
2022-11-30,Cumilla,HFO,574991495,1204,1329,27096,26834,1593776722,25.61,26562945.37,3,2,2,fall
2022-11-30,Chattogram,Solar,400631829,942,1063,35551.74,35551.74,42752083.5,26.67333333,2672005.219,2,5,2,fall
2022-11-30,Chattogram,Gas,400631829,942,1063,35551.74,35551.74,30724574.67,26.67333333,243845830.7,2,0,2,fall
2022-11-30,Barisal,Gas,580258835,932,1062,7689.29,7689.29,96465629.34,25.48666667,765600232.9,7,0,2,fall
2022-11-30,Dhaka,Gas,908555423,1875,2025,119956.29,119651.29,640472766.6,24.84333333,5083117196,1,0,2,fall
2022-11-30,Chattogram,HFO,400631829,942,1063,35551.74,35551.74,4678748388,26.67333333,77979139.81,2,2,2,fall
2022-11-30,Khulna,Solar,202695203,374,519,33560.9,33439.9,169579202.4,24.81333333,10598700.15,6,5,2,fall
2022-11-30,Cumilla,HSD,518588040,1204,1329,24351,24089,251415367.7,25.58888889,3142692.096,3,3,2,fall
2022-11-30,Khulna,HSD,121118612,374,519,19144.6,19023.6,48237216,25.26470588,602965.2,6,3,2,fall
2022-12-31,Rajshahi,HSD,54902524,582,796,4525.6,4525.6,30984894.54,19.06,387311.1818,8,3,1,winter
2022-12-31,Rangpur,Coal,179440152,382,388,20310.5,20310.5,624427368,19.37419355,33057725.03,9,1,1,winter
2022-12-31,Barisal,HFO,53464001,703,852,736.86,736.86,5832383.3,21.36666667,97206.38833,7,2,1,winter
2022-12-31,Rangpur,HFO,179440152,382,388,20310.5,20310.5,854536803.7,19.37419355,14242280.06,9,2,1,winter
2022-12-31,Khulna,Gas,11776976,355,443,2154,2154,6316692.48,22.85,50132480,6,0,2,fall
2022-12-31,Rajshahi,Gas,346807810,614,869,28240.1,28240.1,39802440.85,19.82580645,315892387.7,8,0,1,winter
2022-12-31,Khulna,Solar,60314525,355,443,33801.87,33801.87,149850280.8,20.90645161,9365642.55,6,5,1,winter
2022-12-31,Mymensingh,Gas,146295610,316,358,23102,22988,63236044.8,20.25483871,501873371.4,4,0,1,winter
2022-12-31,Chattogram,HFO,318666006,667,835,31759.7,31759.7,3450278760,21.91612903,57504646,2,2,1,winter
2022-12-31,Barisal,Coal,417381254,703,852,7582.63,7582.63,2519732095,21.13225806,133396796.8,7,1,1,winter
2022-12-31,Khulna,HSD,24549731,355,443,8814.5,8814.5,21522067.2,22.15,269025.84,6,3,1,winter
2022-12-31,Khulna,HFO,60314525,355,443,33801.87,33801.87,527484211.8,20.90645161,8791403.53,6,2,1,winter
2022-12-31,Rangpur,HSD,5320353,200,345,625,625,527250,20.2,6590.625,9,3,1,winter
2022-12-31,Rangpur,Solar,179440152,382,388,20310.5,20310.5,9218407.25,19.37419355,576150.4531,9,5,1,winter
2022-12-31,Chattogram,Solar,318666006,667,835,31759.7,31759.7,40496907.15,21.91612903,2531056.697,2,5,1,winter
2022-12-31,Chattogram,Gas,318666006,667,835,31759.7,31759.7,72003038.4,21.91612903,571452685.7,2,0,1,winter
2022-12-31,Mymensingh,Solar,146295610,316,358,23102,22988,104005215.5,20.25483871,6500325.969,4,5,1,winter
2022-12-31,Rajshahi,HFO,346807810,614,869,28240.1,28240.1,1141689549,19.82580645,19028159.15,8,2,1,winter
2022-12-31,Rajshahi,Gas/HSD,346807810,614,869,28240.1,28240.1,233101861.7,19.82580645,2453703.808,8,4,1,winter
2022-12-31,Dhaka,HFO,928944514,1820,1967,105754.15,105642.15,3191359184,20.22903226,53189319.73,1,2,1,winter
2022-12-31,Dhaka,Gas,928944514,1820,1967,105754.15,105642.15,765371265.8,20.22903226,6074375125,1,0,1,winter
2022-12-31,Dhaka,HSD,664423389,1820,1931,75958.56,75846.56,246055948.7,20.42272727,3075699.359,1,3,1,winter
2022-12-31,Dhaka,Solar,928944514,1820,1967,105754.15,105642.15,54523631.65,20.22903226,3407726.978,1,5,1,winter
2022-12-31,Rajshahi,Solar,346807810,614,869,28240.1,28240.1,7888725,19.82580645,493045.3125,8,5,1,winter
2022-12-31,Mymensingh,HFO,146295610,316,358,23102,22988,1046466264,20.25483871,17441104.4,4,2,1,winter
2022-12-31,Barisal,Gas,417381254,703,852,7582.63,7582.63,164266659.7,21.13225806,1303703648,7,0,1,winter
2022-12-31,Cumilla,Gas,508372095,979,1168,24389.5,24389.5,486903545.8,20.46774194,3864313856,3,0,1,winter
2022-12-31,Sylhet,Gas,513981336,814,838,11118,11118,587739465.8,19.37419355,4664598935,5,0,1,winter
2022-12-31,Cumilla,HSD,289205589,958,1168,13531.5,13531.5,114427514.9,20.58235294,1430343.936,3,3,1,winter
2022-12-31,Cumilla,HFO,508372095,979,1168,24389.5,24389.5,1028725510,20.46774194,17145425.17,3,2,1,winter
2023-01-31,Cumilla,HSD,304981119,1019,1036,14111,14079,201292462.1,19.03529412,1909252.225,3,3,1,winter
2023-01-31,Khulna,HFO,60607268,234,319,35494.54,34569.54,585411046.4,19.41612903,7317638.08,6,2,1,winter
2023-01-31,Chattogram,HFO,295080247,515,836,29313.79,29178.79,3409834117,19.63870968,42622926.46,2,2,1,winter
2023-01-31,Khulna,HSD,37550525,234,319,20835.34,19910.34,152002617.6,18.16666667,1441739.71,6,3,1,winter
2023-01-31,Dhaka,Gas,699639970,1333,1477,103395.48,101962.48,579014943.7,18.24193548,1460572973,1,0,1,winter
2023-01-31,Sylhet,Gas,696924477,1107,1156,10909,10583,759075960.5,15.86774194,1914779307,5,0,1,winter
2023-01-31,Cumilla,HFO,551269388,1019,1036,25585,25515,1190993895,18.79677419,14887423.68,3,2,1,winter
2023-01-31,Rangpur,HFO,277230345,489,536,21042,20149,1074162400,15.86774194,13427030.01,9,2,1,winter
2023-01-31,Dhaka,Solar,699639970,1333,1477,103395.48,101962.48,47791037.5,18.24193548,2655057.639,1,5,1,winter
2023-01-31,Rangpur,Solar,277230345,489,536,21042,20149,9477739.7,15.86774194,526541.0944,9,5,1,winter
2023-01-31,Barisal,Coal,709263917,1356,1618,8321.93,8321.93,5015575076,19.65483871,227535955.9,7,1,1,winter
2023-01-31,Rajshahi,Solar,377435163,722,882,30451.4,29500.4,7631535.6,17.24516129,423974.2,8,5,1,winter
2023-01-31,Dhaka,HFO,699639970,1333,1477,103395.48,101962.48,2351785811,18.24193548,29397322.64,1,2,1,winter
2023-01-31,Rajshahi,Gas,377435163,722,882,30451.4,29500.4,34970083.88,17.24516129,88212506.31,8,0,1,winter
2023-01-31,Chattogram,Gas,295080247,515,836,29313.79,29178.79,43273982.7,19.63870968,109159202.6,2,0,1,winter
2023-01-31,Dhaka,HSD,52626749,1333,1405,6472.87,6472.87,23296123.5,17.35,220962.947,1,3,1,winter
2023-01-31,Barisal,HFO,599688101,1356,1618,6472.36,6472.36,268473888,20.27916667,3355923.6,7,2,1,winter
2023-01-31,Rangpur,Coal,277230345,489,536,21042,20149,1089576574,15.86774194,49429595.51,9,1,1,winter
2023-01-31,Cumilla,Gas,551269388,1019,1036,25585,25515,533221862,18.79677419,1345059309,3,0,1,winter
2023-01-31,Rajshahi,Gas/HSD,377435163,722,882,30451.4,29500.4,256564477.6,17.24516129,2565644.776,8,4,1,winter
2023-01-31,Mymensingh,Solar,129385690,202,266,26855,24646,62231313.5,17.51290323,3457295.194,4,5,1,winter
2023-01-31,Rajshahi,HFO,377435163,722,882,30451.4,29500.4,1366751232,17.24516129,17084390.4,8,2,1,winter
2023-01-31,Chattogram,Solar,295080247,515,836,29313.79,29178.79,41083978.95,19.63870968,2282443.275,2,5,1,winter
2023-01-31,Rangpur,HSD,10712168,488,481,676,563,630300,15.7,5978.374277,9,3,1,winter
2023-01-31,Mymensingh,HFO,129385690,202,266,26855,24646,944663865.6,17.51290323,11808298.32,4,2,1,winter
2023-01-31,Barisal,Gas,709263917,1356,1618,8321.93,8321.93,149500139.3,19.65483871,377116109.5,7,0,1,winter
2023-01-31,Mymensingh,Gas,129385690,202,266,26855,24646,57117744,17.51290323,144080276.5,4,0,1,winter
2023-01-31,Khulna,Solar,59298815,234,319,34303.14,33418.14,147122352,19.49,8173464,6,5,1,winter
2023-01-31,Rajshahi,HSD,77738857,559,836,6461.2,6444.2,43909921.8,15.55714286,416484.1298,8,3,1,winter
2023-02-28,Barisal,Coal,871932688,1502,1645,7812.2,7812.2,6584258423,24.15357143,298700649.8,7,1,2,fall
2023-02-28,Rangpur,Coal,223906456,445,538,20174,19948,892025888.7,20.24642857,40467535.67,9,1,1,winter
2023-02-28,Khulna,HFO,124788575,497,616,33199.1,33199.1,619055171.6,24.17857143,7738189.644,6,2,2,fall
2023-02-28,Khulna,Solar,124788575,497,616,33199.1,33199.1,165027962.4,24.17857143,9168220.133,6,5,2,fall
2023-02-28,Dhaka,Gas,722981814,1869,2076,102262.7,102106.7,647374253.4,22.39642857,1633010250,1,0,1,winter
2023-02-28,Mymensingh,Gas,127387160,345,339,26551,24717,51194073.6,21.38571429,129137738.3,4,0,1,winter
2023-02-28,Rajshahi,HFO,280475750,661,861,30719.6,30494.6,1558676603,21.42142857,19483457.53,8,2,1,winter
2023-02-28,Khulna,Gas,86645321,497,616,12563.8,12563.8,72635028.48,27.83,183222835,6,0,2,fall
2023-02-28,Rajshahi,Gas,280475750,661,861,30719.6,30494.6,32816768.97,21.42142857,82780740.53,8,0,1,winter
2023-02-28,Cumilla,HFO,482271497,774,977,25161,25161,995608527.7,22.71785714,12445106.6,3,2,1,winter
2023-02-28,Chattogram,HFO,334809799,675,949,28940.6,28940.6,3942135614,22.90357143,49276695.17,2,2,2,fall
2023-02-28,Rangpur,HFO,223906456,445,538,20174,19948,776953403.2,20.24642857,9711917.541,9,2,1,winter
2023-02-28,Rangpur,Solar,223906456,445,538,20174,19948,9726950.35,20.24642857,540386.1306,9,5,1,winter
2023-02-28,Dhaka,Solar,722981814,1869,2076,102262.7,102106.7,59494102.7,22.39642857,3305227.928,1,5,1,winter
2023-02-28,Dhaka,HFO,722981814,1869,2076,102262.7,102106.7,2353667648,22.39642857,29420845.59,1,2,1,winter
2023-02-28,Rajshahi,Gas/HSD,238403619,661,861,21348,21178,148894263.5,20.2,1488942.635,8,4,1,winter
2023-02-28,Cumilla,Gas,482271497,774,977,25161,25161,477050332.7,22.71785714,1203365872,3,0,1,winter
2023-02-28,Mymensingh,HFO,127387160,345,339,26551,24717,934234960.8,21.38571429,11677937.01,4,2,1,winter
2023-02-28,Chattogram,Gas,334809799,675,949,28940.6,28940.6,19728754.56,22.90357143,49766048.38,2,0,2,fall
2023-02-28,Chattogram,Solar,334809799,675,949,28940.6,28940.6,41262309.9,22.90357143,2292350.55,2,5,2,fall
2023-02-28,Barisal,HFO,674029325,1502,1645,5532.2,5532.2,164034489.6,23.17,2050431.12,7,2,2,fall
2023-02-28,Rajshahi,Solar,280475750,661,861,30719.6,30494.6,8721367.2,21.42142857,484520.4,8,5,1,winter
2023-02-28,Sylhet,Gas,697691390,1245,1244,10113,10099,778222354.9,20.24642857,1963076344,5,0,1,winter
2023-02-28,Mymensingh,Solar,127387160,345,339,26551,24717,107826461.5,21.38571429,5990358.972,4,5,1,winter
2023-02-28,Barisal,Gas,871932688,1502,1645,7812.2,7812.2,144103297.6,24.15357143,363502503.7,7,0,2,fall
2023-03-31,Rangpur,Solar,189467191,363,465,22711.62,22711.62,12739522.9,24.49333333,707751.2722,9,5,2,fall
2023-03-31,Chattogram,Solar,412481228,842,1035,34268.01,34268.01,40596330.6,27.27333333,2255351.7,2,5,2,fall
2023-03-31,Mymensingh,Gas,171414100,435,452,29029,27871,57332256,25.16,144621385.9,4,0,2,fall
2023-03-31,Rajshahi,Gas,328501161,811,933,36662.2,36584.2,30769939.97,26.62,77617586.88,8,0,2,fall
2023-03-31,Rajshahi,Solar,328501161,811,933,36662.2,36584.2,9588618,26.62,532701,8,5,2,fall
2023-03-31,Khulna,Gas,168306766,446,525,31316.3,31316.3,148072422.4,27.72916667,373514674.5,6,0,2,fall
2023-03-31,Rajshahi,HFO,328501161,811,933,36662.2,36584.2,1242583153,26.62,15532289.41,8,2,2,fall
2023-03-31,Rangpur,Coal,189467191,363,465,22711.62,22711.62,746389905,24.49333333,33860631.72,9,1,2,fall
2023-03-31,Chattogram,Gas,412481228,842,1035,34268.01,34268.01,149443493.3,27.27333333,376973219.2,2,0,2,fall
2023-03-31,Sylhet,Gas,729326423,1245,1226,12181,12172,803234889,24.49333333,2026170797,5,0,2,fall
2023-03-31,Dhaka,Solar,1220162036,2429,2663,120024.05,119974.05,62391392.15,26.58275862,3466188.453,1,5,2,fall
2023-03-31,Rajshahi,Gas/HSD,328501161,811,933,36662.2,36584.2,213742394.9,26.62,2137423.949,8,4,2,fall
2023-03-31,Dhaka,HFO,1252223591,2429,2663,123709.34,123659.34,3462221629,26.61666667,43277770.36,1,2,2,fall
2023-03-31,Cumilla,Gas,532172831,1076,1087,29822.5,29802.5,535829239.1,26.36,1351636453,3,0,2,fall
2023-03-31,Barisal,HFO,378681539,1185,1463,4450.22,4450.22,27622065.6,28.56428571,345275.82,7,2,2,fall
2023-03-31,Barisal,Gas,748256501,1185,1463,9043.98,9043.98,160459209.3,28.15666667,404760510.7,7,0,2,fall
2023-03-31,Barisal,Coal,748256501,1185,1463,9043.98,9043.98,5503456665,28.15666667,249669131.5,7,1,2,fall
2023-03-31,Khulna,HFO,176487973,446,525,38594.3,38594.3,454209337.4,27.92413793,5677616.718,6,2,2,fall
2023-03-31,Cumilla,HFO,532172831,1076,1087,29822.5,29802.5,1034601799,26.36,12932522.48,3,2,2,fall
2023-03-31,Dhaka,Gas,1252223591,2429,2663,123709.34,123659.34,1149888821,26.61666667,2900609996,1,0,2,fall
2023-03-31,Mymensingh,Solar,171414100,435,452,29029,27871,124495437,25.16,6916413.167,4,5,2,fall
2023-03-31,Rangpur,HFO,189467191,363,465,22711.62,22711.62,642584801.2,24.49333333,8032310.015,9,2,2,fall
2023-03-31,Khulna,HSD,2269068,135,218,1416,1416,1713789,27,16255.23096,6,3,2,fall
2023-03-31,Khulna,Solar,184843285,446,525,39715.1,39715.1,183629982.9,27.82666667,10201665.72,6,5,2,fall
2023-03-31,Mymensingh,HFO,171414100,435,452,29029,27871,1425870384,25.16,17823379.8,4,2,2,fall
2023-03-31,Chattogram,HFO,412481228,842,1035,34268.01,34268.01,3983799256,27.27333333,49797490.69,2,2,2,fall
2023-04-30,Rajshahi,Gas,421635519,743,952,42294.6,41833.6,49827883.82,30.88,125691506.2,8,0,0,summer
2023-04-30,Cumilla,HSD,372637629,1227,1517,21825,21084,283750778.9,33.17333333,2691366.583,3,3,0,summer
2023-04-30,Mymensingh,HFO,229146840,530,546,32152,29945,1959616198,30.21666667,24495202.47,4,2,0,summer
2023-04-30,Dhaka,Solar,1442361879,2580,2927,126056.73,125869.73,73732312.6,31.71333333,4096239.589,1,5,0,summer
2023-04-30,Sylhet,Gas,746719215,1198,1239,14145,13732,820948876.1,28.93333333,2070854567,5,0,2,fall
2023-04-30,Chattogram,Solar,469122441,956,1314,37609.86,37529.86,42783646.5,32.09,2376869.25,2,5,0,summer
2023-04-30,Khulna,Solar,281954990,601,759,46987.1,46447.1,221274720,33.35333333,12293040,6,5,0,summer
2023-04-30,Barisal,Coal,908935786,1489,1709,12504.7,12469.7,6712660834,33.06333333,304525737.6,7,1,0,summer
2023-04-30,Mymensingh,Gas,229146840,530,546,32152,29945,73657142.4,30.21666667,185801131.1,4,0,0,summer
2023-04-30,Rangpur,HSD,53908749,426,544,6784,6202,22203830,31.92857143,210602.5799,9,3,0,summer
2023-04-30,Rangpur,Coal,210391890,426,557,25036,24389,834718944.3,28.93333333,37867755.95,9,1,2,fall
2023-04-30,Chattogram,HFO,469122441,956,1314,37609.86,37529.86,4911438024,32.09,61392975.3,2,2,0,summer
2023-04-30,Khulna,HSD,111358453,537,759,18628.8,18608.8,46899732.9,35.27,444842.3874,6,3,0,summer
2023-04-30,Rajshahi,HFO,412952014,743,952,41303.4,40842.4,2151585511,30.95517241,26894818.89,8,2,0,summer
2023-04-30,Chattogram,Gas,469122441,956,1314,37609.86,37529.86,151416272.2,32.09,381949580.4,2,0,0,summer
2023-04-30,Cumilla,HFO,700462719,1227,1517,37420,36634,1834508636,31.64333333,22931357.95,3,2,0,summer
2023-04-30,Khulna,Gas,281954990,601,759,46987.1,46447.1,186184535,33.35333333,469652990.5,6,0,0,summer
2023-04-30,Dhaka,Gas,1442361879,2580,2927,126056.73,125869.73,1220206654,31.71333333,3077987674,1,0,0,summer
2023-04-30,Rajshahi,Gas/HSD,421635519,743,952,42294.6,41833.6,239366511.5,30.88,2393665.114,8,4,0,summer
2023-04-30,Rajshahi,Solar,405889386,743,952,40650.2,40189.2,10478715,30.88965517,582150.8333,8,5,0,summer
2023-04-30,Rangpur,Solar,210391890,426,557,25036,24389,15593030.7,28.93333333,866279.4833,9,5,2,fall
2023-04-30,Dhaka,HFO,1442361879,2580,2927,126056.73,125869.73,4681272818,31.71333333,58515910.23,1,2,0,summer
2023-04-30,Mymensingh,Solar,229146840,530,546,32152,29945,147770667.5,30.21666667,8209481.528,4,5,0,summer
2023-04-30,Cumilla,Gas,700462719,1227,1517,37420,36634,634631043.6,31.64333333,1600865332,3,0,0,summer
2023-04-30,Barisal,Gas,908935786,1489,1709,12504.7,12469.7,158933735.5,33.06333333,400912482.6,7,0,0,summer
2023-04-30,Khulna,HFO,274641950,601,759,45807.3,45267.3,1291358461,33.46206897,16141980.76,6,2,0,summer
2023-04-30,Rangpur,HFO,210391890,426,557,25036,24389,727866045.3,28.93333333,9098325.567,9,2,2,fall
2023-04-30,Barisal,HFO,835868403,1489,1709,11350.76,11315.76,301004121.6,33.31481481,3762551.52,7,2,0,summer
2023-04-30,Dhaka,HSD,762313511,2580,2927,67570.24,67383.24,493742388.4,33.3,4683129.928,1,3,0,summer
2023-05-31,Rajshahi,HFO,396645375,750,815,40436.2,38929.2,2195404681,33.40967742,27442558.51,8,2,0,summer
2023-05-31,Sylhet,Gas,761864410,1200,1214,15601,15005,840922484.9,30.85806452,2121238264,5,0,0,summer
2023-05-31,Rangpur,Coal,294446438,537,559,26210,24862,1274237423,30.85806452,57806896.64,9,1,0,summer
2023-05-31,Barisal,Gas,904079097,1566,1640,12372.94,12189.94,169775533.6,34.03870968,428261064,7,0,0,summer
2023-05-31,Mymensingh,Solar,165306542,488,435,31092,28439,151355062,31.71935484,8408614.556,4,5,0,summer
2023-05-31,Barisal,HFO,877390270,1566,1640,12007.34,11824.34,219012537.6,34.09666667,2737656.72,7,2,0,summer
2023-05-31,Cumilla,Gas,785766067,1177,1400,39619,36467,742402528.6,32.87096774,1872720351,3,0,0,summer
2023-05-31,Chattogram,Gas,426460684,670,1037,39080.7,38034.7,156851689.9,33.46333333,395660494.7,2,0,0,summer
2023-05-31,Mymensingh,HFO,165306542,488,435,31092,28439,1409362819,31.71935484,17617035.24,4,2,0,summer
2023-05-31,Dhaka,HFO,1382631209,2662,2643,146532.61,143168.61,4127918402,33.19677419,51598980.02,1,2,0,summer
2023-05-31,Dhaka,Solar,1382631209,2662,2643,146532.61,143168.61,75451977.35,33.19677419,4191776.519,1,5,0,summer
2023-05-31,Rangpur,HFO,294446438,537,559,26210,24862,810734637.2,30.85806452,10134182.97,9,2,0,summer
2023-05-31,Rajshahi,Gas/HSD,396645375,750,815,40436.2,38929.2,222218656.1,33.40967742,2222186.561,8,4,0,summer
2023-05-31,Mymensingh,Gas,165306542,488,435,31092,28439,50286530.88,31.71935484,126848449.6,4,0,0,summer
2023-05-31,Dhaka,HSD,1299549030,2662,2643,138626.71,135262.71,828783369.2,33.3,7860982.35,1,3,0,summer
2023-05-31,Barisal,Coal,904079097,1566,1640,12372.94,12189.94,6648665507,34.03870968,301622533.5,7,1,0,summer
2023-05-31,Chattogram,HFO,436091556,670,1037,39817.7,38771.7,4605481875,33.23548387,57568523.44,2,2,0,summer
2023-05-31,Khulna,Solar,212438090,652,612,45576.4,44147.4,233073223.2,34.0516129,12948512.4,6,5,0,summer
2023-05-31,Rajshahi,Gas,396645375,750,815,40436.2,38929.2,30022994.43,33.40967742,75733406.73,8,0,0,summer
2023-05-31,Khulna,Gas,157926029,652,612,26950.5,25926.5,93182421.92,33.95,235053911,6,0,0,summer
2023-05-31,Dhaka,Gas,1382631209,2662,2643,146532.61,143168.61,1212020114,33.19677419,3057337017,1,0,0,summer
2023-05-31,Rangpur,Solar,294446438,537,559,26210,24862,16569552.35,30.85806452,920530.6861,9,5,0,summer
2023-05-31,Cumilla,HFO,785766067,1177,1400,39619,36467,1898190369,32.87096774,23727379.61,3,2,0,summer
2023-05-31,Rangpur,HSD,18990325,409,509,1705,1675,4412100,31.65,41848.61994,9,3,0,summer
2023-05-31,Chattogram,Solar,426460684,670,1037,39080.7,38034.7,38611017.9,33.46333333,2145056.55,2,5,0,summer
2023-05-31,Khulna,HFO,212438090,652,612,45576.4,44147.4,1539003005,34.0516129,19237537.56,6,2,0,summer
2023-05-31,Rajshahi,Solar,396645375,750,815,40436.2,38929.2,10964818.8,33.40967742,609156.6,8,5,0,summer
2023-06-30,Rajshahi,Gas,390031638,705,1070,40813.2,39025.2,19789635.57,35.95862069,49919621.54,8,0,0,summer
2023-06-30,Rajshahi,Solar,390031638,705,1070,40813.2,39025.2,8275527,35.95862069,459751.5,8,5,0,summer
2023-06-30,Sylhet,Gas,746051036,1238,1230,14582,13998,823345356.6,33.42758621,2076899722,5,0,0,summer
2023-06-30,Rajshahi,Gas/HSD,390031638,705,1070,40813.2,39025.2,245584786.6,35.95862069,2455847.866,8,4,0,summer
2023-06-30,Rangpur,Solar,243065855,474,500,24946,23380,11587693,33.42758621,643760.7222,9,5,0,summer
2023-06-30,Khulna,HFO,361660713,686,803,48366.3,45463.3,1602836715,35.62758621,20035458.94,6,2,0,summer
2023-06-30,Barisal,Gas,257966069,847,1010,12485.4,11948.4,148227791.9,35.02413793,373906596.2,7,0,0,summer
2023-06-30,Khulna,Solar,361660713,686,803,48366.3,45463.3,158363445.6,35.62758621,8797969.2,6,5,0,summer
2023-06-30,Dhaka,Gas,1433494627,2418,2765,136728.2,134061.2,1310575338,34.87586207,3305943895,1,0,0,summer
2023-06-30,Dhaka,HFO,1433494627,2418,2765,136728.2,134061.2,3713882512,34.87586207,46423531.4,1,2,0,summer
2023-06-30,Dhaka,Solar,1433494627,2418,2765,136728.2,134061.2,57347739.3,34.87586207,3185985.517,1,5,0,summer
2023-06-30,Cumilla,Gas,701734725,1203,1352,37266,34733,669925131.2,34.34827586,1689895142,3,0,0,summer
2023-06-30,Mymensingh,Solar,137910660,255,350,29995,27856,102460929,33.9137931,5692273.833,4,5,0,summer
2023-06-30,Barisal,HFO,236945203,847,1010,11756.4,11219.4,390756000,35.12222222,4884450,7,2,0,summer
2023-06-30,Dhaka,HSD,1325679084,2418,2765,128615.64,125948.64,432238576,35.20769231,4099768.339,1,3,0,summer
2023-06-30,Rangpur,HFO,243065855,474,500,24946,23380,654895542.3,33.42758621,8186194.279,9,2,0,summer
2023-06-30,Khulna,Gas,361660713,686,803,48366.3,45463.3,167716039.7,35.62758621,423065962.9,6,0,0,summer
2023-06-30,Rajshahi,HFO,390031638,705,1070,40813.2,39025.2,1657760745,35.95862069,20722009.31,8,2,0,summer
2023-06-30,Barisal,Coal,147978227,847,1010,4738.8,4468.8,839290510,34.39090909,38075149.03,7,1,0,summer
2023-06-30,Rangpur,Coal,243065855,474,500,24946,23380,1050884893,33.42758621,47674313.52,9,1,0,summer
2023-06-30,Rangpur,HSD,53196940,474,500,5662,4756,25485390,36.23333333,241728.066,9,3,0,summer
2023-06-30,Mymensingh,HFO,137910660,255,350,29995,27856,1185269947,33.9137931,14815874.34,4,2,0,summer
2023-06-30,Chattogram,Solar,397271894,578,1050,37147.6,36121.6,27208884.15,33.25172414,1511604.675,2,5,0,summer
2023-06-30,Rajshahi,HSD,184041919,705,1070,18371.6,17958.6,221081153,36.31538462,2096947.292,8,3,0,summer
2023-06-30,Cumilla,HFO,701734725,1203,1352,37266,34733,1568179493,34.34827586,19602243.66,3,2,0,summer
2023-06-30,Chattogram,Gas,397271894,578,1050,37147.6,36121.6,202362549.1,33.25172414,510462248.4,2,0,0,summer
2023-06-30,Chattogram,HFO,397271894,578,1050,37147.6,36121.6,3724099814,33.25172414,46551247.68,2,2,0,summer
2023-06-30,Khulna,HSD,303982720,686,803,39136.7,36914.7,1398902126,35.76086957,13268539.56,6,3,0,summer
2023-06-30,Mymensingh,Gas,137910660,255,350,29995,27856,43761494.4,33.9137931,110388957.4,4,0,0,summer
2023-07-31,Rajshahi,HFO,448079682,749,1021,46676.62,46062.62,1950279329,35.31935484,24378491.61,8,2,0,summer
2023-07-31,Khulna,Solar,369093378,664,851,53070.3,52370.3,185372474.4,34.50666667,10298470.8,6,5,0,summer
2023-07-31,Rangpur,HSD,21967351,328,455,3065,2695,6326810,36.63333333,60009.57982,9,3,0,summer
2023-07-31,Khulna,HFO,380867101,664,851,54908.5,54208.5,1816116241,34.50967742,22701453.01,6,2,0,summer
2023-07-31,Barisal,Gas,886146068,1494,1673,14399.66,14289.66,124712510.3,34.22580645,314588982.4,7,0,0,summer
2023-07-31,Sylhet,Gas,1118699450,1742,1785,17668,17236,1271497797,35.09032258,3207370272,5,0,0,summer
2023-07-31,Mymensingh,Gas,153891680,311,364,35629,33068,54797875.2,34.67419355,138228376.3,4,0,0,summer
2023-07-31,Rajshahi,Solar,448079682,749,1021,46676.62,46062.62,9924072.6,35.31935484,551337.3667,8,5,0,summer
2023-07-31,Khulna,Gas,380867101,664,851,54908.5,54208.5,176956093.4,34.50967742,446374122.6,6,0,0,summer
2023-07-31,Barisal,HFO,886146068,1494,1673,14399.66,14289.66,598700065.7,34.22580645,7483750.821,7,2,0,summer
2023-07-31,Mymensingh,HFO,153891680,311,364,35629,33068,1237167432,34.67419355,15464592.9,4,2,0,summer
2023-07-31,Chattogram,Gas,491598443,739,1112,42713.3,42581.3,190396853.8,33.31290323,480278621.1,2,0,0,summer
2023-07-31,Dhaka,Gas,1869700150,2789,3165,144011.07,143383.07,1719600504,34.54193548,4337715370,1,0,0,summer
2023-07-31,Mymensingh,Solar,153891680,311,364,35629,33068,125126743,34.67419355,6951485.722,4,5,0,summer
2023-07-31,Dhaka,Solar,1869700150,2789,3165,144011.07,143383.07,74876381.7,34.54193548,4159798.983,1,5,0,summer
2023-07-31,Khulna,HSD,279774440,664,851,39554.1,39014.1,1271368956,34.37272727,12058891.74,6,3,0,summer
2023-07-31,Cumilla,HFO,801631616,1122,1464,42466,41099,2917115246,34.32903226,36463940.57,3,2,0,summer
2023-07-31,Rajshahi,Gas,448079682,749,1021,46676.62,46062.62,20399274.18,35.31935484,51457443.13,8,0,0,summer
2023-07-31,Rajshahi,HSD,242339151,749,1021,25010.2,24855.2,383177722.1,35.31875,3634427.792,8,3,0,summer
2023-07-31,Rangpur,HFO,202061967,341,455,29803,27868,822720388.3,35.09032258,10284004.85,9,2,0,summer
2023-07-31,Rangpur,Solar,202061967,341,455,29803,27868,12251753.8,35.09032258,680652.9889,9,5,0,summer
2023-07-31,Chattogram,HFO,491598443,739,1112,42713.3,42581.3,4998129051,33.31290323,62476613.14,2,2,0,summer
2023-07-31,Rajshahi,Gas/HSD,448079682,749,1021,46676.62,46062.62,269148009.2,35.31935484,2691480.092,8,4,0,summer
2023-07-31,Barisal,Coal,883847924,1494,1673,13916.86,13806.86,6516592422,34.16,295630922.4,7,1,0,summer
2023-07-31,Dhaka,HFO,1869700150,2789,3165,144011.07,143383.07,4993331402,34.54193548,62416642.52,1,2,0,summer
2023-07-31,Rangpur,Coal,202061967,341,455,29803,27868,747672730,35.09032258,33918828.2,9,1,0,summer
2023-07-31,Chattogram,Solar,491598443,739,1112,42713.3,42581.3,36407920.5,33.31290323,2022662.25,2,5,0,summer
2023-07-31,Cumilla,Gas,801631616,1122,1464,42466,41099,696176586.4,34.32903226,1756114790,3,0,0,summer
2023-08-31,Mymensingh,HFO,155427350,292,369,35900,33914,1320046786,34.38064516,16500584.82,4,2,0,summer
2023-08-31,Rajshahi,HFO,755737473,1938,2318,45263.1,44557.1,1589701488,35.05806452,19871268.6,8,2,0,summer
2023-08-31,Dhaka,Gas,1587710944,2471,2767,147409.62,147004.62,1498412428,34.09032258,3779765476,1,0,0,summer
2023-08-31,Dhaka,HFO,1587710944,2471,2767,147409.62,147004.62,3890215680,34.09032258,48627696.01,1,2,0,summer
2023-08-31,Chattogram,Gas,408145221,651,1078,38902.3,38765.3,228887593,32.21290323,577372027.7,2,0,0,summer
2023-08-31,Cumilla,HFO,793412482,1169,1339,39769,38876,2487642712,33.41612903,31095533.89,3,2,0,summer
2023-08-31,Rajshahi,Solar,718243896,1938,2318,44030.9,43324.9,8650114.2,35.11,480561.9,8,5,0,summer
2023-08-31,Rangpur,HSD,6194768,266,339,963,843,1344640,36,12753.86512,9,3,0,summer
2023-08-31,Khulna,HSD,90488796,443,560,17845.2,17845.2,431421226.5,33.96363636,4092015.807,6,3,0,summer
2023-08-31,Barisal,Coal,1099232753,1506,1668,13043.26,13043.26,8151824368,34.27096774,369814651.7,7,1,0,summer
2023-08-31,Cumilla,Gas,793412482,1169,1339,39769,38876,715509231.8,33.41612903,1804881648,3,0,0,summer
2023-08-31,Rajshahi,HSD,44735164,1811,2254,1564,1544,235891.53,37.2,2237.423219,8,3,0,summer
2023-08-31,Rangpur,Coal,195490083,428,460,29457,28203,939257962,34.73870968,42610260.04,9,1,0,summer
2023-08-31,Mymensingh,Gas,155427350,292,369,35900,33914,51445209.6,34.38064516,129771232.2,4,0,0,summer
2023-08-31,Chattogram,Solar,408145221,651,1078,38902.3,38765.3,28165461.37,32.21290323,1564747.854,2,5,0,summer
2023-08-31,Rajshahi,Gas,755737473,1938,2318,45263.1,44557.1,4211728.47,35.05806452,10624141.64,8,0,0,summer
2023-08-31,Khulna,Coal,150694724,623,802,20658.4,20499.4,1057414912,34.93333333,47970553.53,6,1,0,summer
2023-08-31,Khulna,Solar,298871167,623,802,51945.9,51612.9,146683204.3,34.59677419,8149066.903,6,5,0,summer
2023-08-31,Khulna,HFO,298871167,623,802,51945.9,51612.9,1117202733,34.59677419,13965034.16,6,2,0,summer
2023-08-31,Khulna,Gas,148176443,443,560,31287.5,31113.5,72580515.84,34.38421053,183085326.1,6,0,0,summer
2023-08-31,Rajshahi,Gas/HSD,755737473,1938,2318,45263.1,44557.1,260964060.4,35.05806452,2609640.604,8,4,0,summer
2023-08-31,Dhaka,Solar,1587710944,2471,2767,147409.62,147004.62,54870659.65,34.09032258,3048369.981,1,5,0,summer
2023-08-31,Rangpur,Solar,195490083,428,460,29457,28203,11089349.05,34.73870968,616074.9472,9,5,0,summer
2023-08-31,Mymensingh,Solar,155427350,292,369,35900,33914,102840678.5,34.38064516,5713371.028,4,5,0,summer
2023-08-31,Rajshahi,Coal,524586520,1938,2318,17823.7,17440.7,3157823416,35.325,143257424.8,8,1,0,summer
2023-08-31,Barisal,Gas,1099232753,1506,1668,13043.26,13043.26,135659420.7,34.27096774,342202711,7,0,0,summer
2023-08-31,Sylhet,Gas,1113189165,1711,1680,17572,17171,1271644817,34.73870968,3207741132,5,0,0,summer
2023-08-31,Barisal,HFO,1099232753,1506,1668,13043.26,13043.26,515737788.8,34.27096774,6446722.36,7,2,0,summer
2023-08-31,Rangpur,HFO,195490083,428,460,29457,28203,686196098.4,34.73870968,8577451.231,9,2,0,summer
2023-08-31,Chattogram,HFO,408145221,651,1078,38902.3,38765.3,3646235314,32.21290323,45577941.43,2,2,0,summer
2023-09-30,Mymensingh,Solar,153170950,291,370,35286,32473,122059002,34.76333333,6781055.667,4,5,0,summer
2023-09-30,Chattogram,Solar,340665760,547,907,39579.6,39342.6,44752281.05,33.48333333,2486237.836,2,5,0,summer
2023-09-30,Rajshahi,Coal,1242843207,1944,2353,43096.6,42929.6,7753123062,34.73333333,351727217.8,8,1,0,summer
2023-09-30,Rajshahi,Gas,1242843207,1944,2353,43096.6,42929.6,3899175.282,34.73333333,9835722.024,8,0,0,summer
2023-09-30,Rangpur,HFO,175889148,275,413,27470,26169,586380740.2,34.86666667,7329759.253,9,2,0,summer
2023-09-30,Cumilla,HFO,859746461,1394,1559,39538,38022,2129533729,34.21666667,26619171.62,3,2,0,summer
2023-09-30,Rajshahi,Solar,1242843207,1944,2353,43096.6,42929.6,9224888.4,34.73333333,512493.8,8,5,0,summer
2023-09-30,Khulna,Solar,383000319,784,803,46772.3,46485.3,147729379.5,34.10357143,8207187.75,6,5,0,summer
2023-09-30,Rangpur,Solar,175889148,275,413,27470,26169,11728834.65,34.86666667,651601.925,9,5,0,summer
2023-09-30,Khulna,HFO,409661803,784,803,50161.5,49874.5,968556554.7,34.13,12106956.93,6,2,0,summer
2023-09-30,Dhaka,Gas,1543127945,2798,3028,145058.32,144623.32,1436329517,34.45,3623160501,1,0,0,summer
2023-09-30,Chattogram,HFO,340665760,547,907,39579.6,39342.6,3269238174,33.48333333,40865477.18,2,2,0,summer
2023-09-30,Khulna,HSD,62429514,784,803,8395.2,8360.2,203514184.5,33.54,1930325.187,6,3,0,summer
2023-09-30,Mymensingh,HFO,153170950,291,370,35286,32473,1458971849,34.76333333,18237148.11,4,2,0,summer
2023-09-30,Cumilla,Gas,859746461,1394,1559,39538,38022,823763652.6,34.21666667,2077954879,3,0,0,summer
2023-09-30,Rajshahi,HFO,1242843207,1944,2353,43096.6,42929.6,1135564839,34.73333333,14194560.49,8,2,0,summer
2023-09-30,Barisal,HFO,1044003721,1519,1713,12944.48,12944.48,312633916.8,34.28,3907923.96,7,2,0,summer
2023-09-30,Rangpur,HSD,6090867,187,413,963,963,1344640,35.3,12753.86512,9,3,0,summer
2023-09-30,Dhaka,HFO,1543127945,2798,3028,145058.32,144623.32,3640756222,34.45,45509452.77,1,2,0,summer
2023-09-30,Barisal,Gas,1044003721,1519,1713,12944.48,12944.48,122257037.9,34.28,308395020.2,7,0,0,summer
2023-09-30,Rajshahi,Gas/HSD,1242843207,1944,2353,43096.6,42929.6,243808725.6,34.73333333,2438087.256,8,4,0,summer
2023-09-30,Chattogram,Gas,340665760,547,907,39579.6,39342.6,156777932.2,33.48333333,395474439.8,2,0,0,summer
2023-09-30,Dhaka,Solar,1491180027,2798,3028,139888.86,139513.86,55474708.25,34.40689655,3081928.236,1,5,0,summer
2023-09-30,Khulna,Coal,382877240,784,803,44825.5,44573.5,3585888984,34.04074074,162676994.3,6,1,0,summer
2023-09-30,Barisal,Coal,1044003721,1519,1713,12944.48,12944.48,7694223874,34.28,349055204.6,7,1,0,summer
2023-09-30,Sylhet,Gas,1087948934,1680,1677,17791,16545,1229255628,34.86666667,3100813833,5,0,0,summer
2023-09-30,Rangpur,Coal,175889148,275,413,27470,26169,1119937488,34.86666667,50806944.97,9,1,0,summer
2023-09-30,Mymensingh,Gas,153170950,291,370,35286,32473,36069408,34.76333333,90985566.18,4,0,0,summer
2023-10-31,Cumilla,HFO,773472424,1171,1454,37069.5,36826.5,1918002242,30.84516129,23975028.03,3,2,0,summer
2023-10-31,Cumilla,Gas,773472424,1171,1454,37069.5,36826.5,735519917.3,30.84516129,1855358871,3,0,0,summer
2023-10-31,Barisal,HFO,867818012,1415,1688,11101.7,11101.7,169504123.2,31.79310345,2118801.54,7,2,0,summer
2023-10-31,Mymensingh,Solar,147962010,294,352,31355,30853,118517895,30.44516129,6584327.5,4,5,0,summer
2023-10-31,Sylhet,Gas,1077846426,1705,1686,15555,15030,1198443658,29.98387097,3023090225,5,0,0,summer
2023-10-31,Rajshahi,Coal,889555924,1590,1772,37785.8,37785.8,5009359432,30.85483871,227253977.8,8,1,0,summer
2023-10-31,Dhaka,HFO,1461314062,2573,2913,144449.41,144361.41,2884902735,30.96451613,36061284.18,1,2,0,summer
2023-10-31,Chattogram,Solar,258747509,468,817,38652.4,38652.4,49188842.68,31.29677419,2732713.482,2,5,0,summer
2023-10-31,Barisal,Gas,916774112,1415,1688,11745.2,11745.2,121187842.2,31.64516129,305697959.7,7,0,0,summer
2023-10-31,Rangpur,Solar,165249017,221,408,23399,23399,12431183.7,29.98387097,690621.3167,9,5,0,summer
2023-10-31,Rajshahi,Gas/HSD,889555924,1590,1772,37785.8,37785.8,228046918.8,30.85483871,2280469.188,8,4,0,summer
2023-10-31,Chattogram,Gas,258747509,468,817,38652.4,38652.4,76762205.28,31.29677419,193633693.9,2,0,0,summer
2023-10-31,Chattogram,HFO,258747509,468,817,38652.4,38652.4,2794273044,31.29677419,34928413.05,2,2,0,summer
2023-10-31,Rajshahi,Gas,889555924,1590,1772,37785.8,37785.8,4819080.168,30.85483871,12156194.46,8,0,0,summer
2023-10-31,Dhaka,Gas,1461314062,2573,2913,144449.41,144361.41,1388443578,30.96451613,3502367574,1,0,0,summer
2023-10-31,Khulna,HFO,410908018,866,1036,46083,46083,567866641.4,31.39354839,7098333.017,6,2,0,summer
2023-10-31,Rajshahi,HFO,889555924,1590,1772,37785.8,37785.8,928354739.1,30.85483871,11604434.24,8,2,0,summer
2023-10-31,Mymensingh,HFO,147962010,294,352,31355,30853,1369299058,30.44516129,17116238.22,4,2,0,summer
2023-10-31,Dhaka,Solar,1353029904,2573,2913,134614.94,134526.94,60267052.6,30.96551724,3348169.589,1,5,0,summer
2023-10-31,Rangpur,HSD,11083944,183,407,1503,1503,2941400,30.1,27899.07996,9,3,0,summer
2023-10-31,Barisal,Coal,916774112,1415,1688,11745.2,11745.2,7071553336,31.64516129,320807210.3,7,1,0,summer
2023-10-31,Rajshahi,Solar,859172165,1590,1772,36935.2,36935.2,9115158.78,30.89333333,506397.71,8,5,0,summer
2023-10-31,Khulna,Solar,410908018,866,1036,46083,46083,170736249.6,31.39354839,9485347.2,6,5,0,summer
2023-10-31,Mymensingh,Gas,147962010,294,352,31355,30853,35814086.4,30.44516129,90341514.01,4,0,0,summer
2023-10-31,Rangpur,HFO,165249017,221,408,23399,23399,486140064.2,29.98387097,6076750.802,9,2,0,summer
2023-10-31,Khulna,Coal,410908018,866,1036,46083,46083,3228503517,31.39354839,146463889.6,6,1,0,summer
2023-10-31,Rangpur,Coal,165249017,221,408,23399,23399,1098545840,29.98387097,49836494.13,9,1,0,summer
2023-11-30,Rangpur,Coal,148205644,359,393,20314,20314,1058955264,25.01333333,48040432.97,9,1,2,fall
2023-11-30,Rangpur,HSD,15493707,269,338,2092,2092,2269080,23.8,21522.1474,9,3,2,fall
2023-11-30,Cumilla,Gas,559910360,1373,1456,28094,28001,570040939,26.26666667,1437935926,3,0,2,fall
2023-11-30,Chattogram,Solar,145229814,422,617,34428.51,34428.51,48730557.3,27.46666667,2707253.183,2,5,2,fall
2023-11-30,Chattogram,HFO,145229814,422,617,34428.51,34428.51,1389282748,27.46666667,17366034.35,2,2,2,fall
2023-11-30,Rangpur,HFO,143977908,359,393,19791,19791,305435704.8,25.01724138,3817946.311,9,2,2,fall
2023-11-30,Barisal,Coal,807490915,1666,1665,8678.9,8678.9,6270987938,26.40333333,284488859.9,7,1,2,fall
2023-11-30,Chattogram,Gas,145229814,422,617,34428.51,34428.51,61418582.88,27.46666667,154929200.3,2,0,2,fall
2023-11-30,Rajshahi,Solar,931797907,1787,2166,29931.3,29931.3,9627264.27,25.94,534848.015,8,5,2,fall
2023-11-30,Cumilla,HFO,548014868,1373,1456,27994,27901,1013179902,26.36206897,12664748.77,3,2,2,fall
2023-11-30,Dhaka,Gas,1029261343,1702,2167,126607.98,126607.98,1045963159,25.90333333,2638456119,1,0,2,fall
2023-11-30,Khulna,HFO,271973750,873,876,34003,34003,222571352.5,26.41071429,2782141.906,6,2,2,fall
2023-11-30,Mymensingh,Solar,118468510,259,303,25144,25134,123762315,25.73666667,6875684.167,4,5,2,fall
2023-11-30,Khulna,Solar,290236456,873,876,35905.2,35905.2,150475255.2,26.17333333,8359736.4,6,5,2,fall
2023-11-30,Dhaka,HFO,1029261343,1702,2167,126607.98,126607.98,1475205291,25.90333333,18440066.14,1,2,2,fall
2023-11-30,Barisal,Gas,807490915,1666,1665,8678.9,8678.9,101336593.4,26.40333333,255622918.1,7,0,2,fall
2023-11-30,Rajshahi,Gas,931797907,1787,2166,29931.3,29931.3,4608285.948,25.94,11624463.2,8,0,2,fall
2023-11-30,Mymensingh,Gas,118468510,259,303,25144,25134,55167254.4,25.73666667,139160140.3,4,0,2,fall
2023-11-30,Rajshahi,Coal,931797907,1787,2166,29931.3,29931.3,5718621091,25.94,259430254.1,8,1,2,fall
2023-11-30,Rangpur,Solar,148205644,359,393,20314,20314,11283530.7,25.01333333,626862.8167,9,5,2,fall
2023-11-30,Sylhet,Gas,973375634,1513,1492,12373,12330,1016318552,25.01333333,2563677198,5,0,2,fall
2023-11-30,Barisal,HFO,716568723,1666,1665,7790.3,7790.3,79574284.8,26.7,994678.56,7,2,2,fall
2023-11-30,Rajshahi,HFO,876199690,1787,2166,28205.9,28205.9,435545663,25.91428571,5444320.788,8,2,2,fall
2023-11-30,Rajshahi,Gas/HSD,931797907,1787,2166,29931.3,29931.3,221306171.1,25.94,2213061.711,8,4,2,fall
2023-11-30,Dhaka,Solar,1029261343,1702,2167,126607.98,126607.98,56132531.85,25.90333333,3118473.992,1,5,2,fall
2023-11-30,Mymensingh,HFO,118468510,259,303,25144,25134,769401583.2,25.73666667,9617519.79,4,2,2,fall
2023-11-30,Khulna,Coal,284083672,873,876,32179.5,32179.5,2372655265,26.14074074,107637584.1,6,1,2,fall
2023-12-31,Rangpur,HSD,11372836,294,367,1336,1336,2058980,19.85,19529.35597,9,3,1,winter
2023-12-31,Khulna,HFO,310427671,725,706,31085.1,31085.1,90042209.49,20.74285714,1125527.619,6,2,1,winter
2023-12-31,Barisal,Coal,653334811,1310,1576,8462.3,8462.3,5180135555,21.28387097,235001386.2,7,1,1,winter
2023-12-31,Rangpur,Coal,154167737,294,396,20719.5,20719.5,1087578656,20.03870968,49338958.22,9,1,1,winter
2023-12-31,Dhaka,HFO,822707205,1575,2050,112441.18,112441.18,1199442482,20.9,14993031.02,1,2,1,winter
2023-12-31,Chattogram,HFO,106762055,392,474,31166.88,31166.88,928193026.3,22.73870968,11602412.83,2,2,1,winter
2023-12-31,Rajshahi,Gas/HSD,673225978,1198,1383,28679.5,28679.5,203630908.1,20.45806452,2036309.081,8,4,1,winter
2023-12-31,Cumilla,Gas,489032222,975,1120,25602,25602,502664936,21.26451613,1267979053,3,0,1,winter
2023-12-31,Barisal,Gas,653334811,1310,1576,8462.3,8462.3,96358661.34,21.28387097,243066017.6,7,0,1,winter
2023-12-31,Dhaka,Solar,822707205,1575,2050,112441.18,112441.18,51966833.55,20.9,2887046.308,1,5,1,winter
2023-12-31,Rangpur,Solar,154167737,294,396,20719.5,20719.5,9476491.05,20.03870968,526471.725,9,5,1,winter
2023-12-31,Chattogram,Solar,106762055,392,474,31166.88,31166.88,45383969.59,22.73870968,2521331.644,2,5,1,winter
2023-12-31,Rajshahi,Coal,666015135,1198,1383,27745.1,27745.1,3633123772,20.58,164819841.8,8,1,1,winter
2023-12-31,Khulna,Coal,345320791,725,706,34346.5,34346.5,2971140965,20.80322581,134788412,6,1,1,winter
2023-12-31,Barisal,HFO,587777511,1310,1550,7655.1,7655.1,64000320,21.13571429,800004,7,2,1,winter
2023-12-31,Mymensingh,HFO,100756810,300,269,23394,23394,577688268,21.14193548,7221103.35,4,2,1,winter
2023-12-31,Chattogram,Gas,106762055,392,474,31166.88,31166.88,66639927.36,22.73870968,168100111.9,2,0,1,winter
2023-12-31,Mymensingh,Solar,100756810,300,269,23394,23394,99575315,21.14193548,5531961.944,4,5,1,winter
2023-12-31,Rajshahi,Gas,673225978,1198,1383,28679.5,28679.5,3837258.738,20.45806452,9679536.71,8,0,1,winter
2023-12-31,Sylhet,Gas,942022770,1480,1457,11063,11063,1014225149,20.03870968,2558396561,5,0,1,winter
2023-12-31,Mymensingh,Gas,100756810,300,269,23394,23394,53708572.8,21.14193548,135480596.3,4,0,1,winter
2023-12-31,Rajshahi,Solar,673225978,1198,1383,28679.5,28679.5,7286806.8,20.45806452,404822.6,8,5,1,winter
2023-12-31,Cumilla,HFO,489032222,975,1120,25602,25602,864329090.9,21.26451613,10804113.64,3,2,1,winter
2023-12-31,Dhaka,Gas,822707205,1575,2050,112441.18,112441.18,853268482.3,20.9,2152381208,1,0,1,winter
2023-12-31,Khulna,Solar,345320791,725,706,34346.5,34346.5,136371103.2,20.80322581,7576172.4,6,5,1,winter
2023-12-31,Rajshahi,HFO,673225978,1198,1383,28679.5,28679.5,513636804.1,20.45806452,6420460.051,8,2,1,winter
2023-12-31,Rangpur,HFO,149987334,294,396,20089,20089,356450970.7,20.12666667,4455637.134,9,2,1,winter
2024-01-31,Rangpur,Coal,150131727,318,325,21654.3,21654.3,1095415512,15.56451613,49694484.05,9,1,1,winter
2024-01-31,Khulna,Coal,216937229,868,1006,19495.9,19321.9,1491028094,17.78235294,67641795.33,6,1,1,winter
2024-01-31,Chattogram,Gas,316996098,1385,1401,29484,29484,45956085.36,18.25806452,115924842.6,2,0,1,winter
2024-01-31,Rangpur,HSD,15231080,318,320,2185,2185,4160750,15.76666667,39464.57365,9,3,1,winter
2024-01-31,Chattogram,Coal,252873902,1385,1401,15433.5,15433.5,1084055575,17.64375,49179130.58,2,1,1,winter
2024-01-31,Dhaka,Solar,790128546,1828,2058,101568.36,101464.36,42763624.7,16.45862069,2138181.235,1,5,1,winter
2024-01-31,Mymensingh,HFO,98670060,280,242,25965,25815,650531576.4,16.72903226,8131644.705,4,2,1,winter
2024-01-31,Cumilla,HFO,537357591,1062,1113,24829,24809,1143757899,16.96666667,14296973.74,3,2,1,winter
2024-01-31,Barisal,Coal,662509124,1108,1122,8716.4,8688.4,4353000971,17.63225806,197477701.4,7,1,1,winter
2024-01-31,Chattogram,Solar,262862311,825,912,27605.5,27605.5,47790184.98,18.24827586,2389509.249,2,5,1,winter
2024-01-31,Khulna,HFO,237276487,868,1006,34803,34629,622707145.7,17.23,7783839.321,6,2,1,winter
2024-01-31,Mymensingh,Solar,92935380,280,242,24192,24042,65048988,16.6137931,3252449.4,4,5,1,winter
2024-01-31,Dhaka,Gas,843929353,1828,2058,109164.76,109060.76,1580959142,16.61612903,3987990672,1,0,1,winter
2024-01-31,Chattogram,HFO,315791896,1385,1401,28873,28873,2072130837,18.21,25901635.47,2,2,1,winter
2024-01-31,Mymensingh,Gas,98670060,280,242,25965,25815,101881056,16.72903226,256996332.3,4,0,1,winter
2024-01-31,Rangpur,Solar,140052728,242,325,20098.3,20098.3,7141371.9,15.47241379,357068.595,9,5,1,winter
2024-01-31,Barisal,Gas,662509124,1108,1122,8716.4,8688.4,182229671.6,17.63225806,459676794.4,7,0,1,winter
2024-01-31,Rajshahi,Solar,923788272,1892,2147,28478.7,28339.7,5726026.8,15.71724138,286301.34,8,5,1,winter
2024-01-31,Cumilla,Gas,551772439,1062,1113,25540,25520,1042982610,17.03548387,2630937644,3,0,1,winter
2024-01-31,Rangpur,HFO,145952330,318,325,21131.3,21131.3,312283296.9,15.49333333,3903541.212,9,2,1,winter
2024-01-31,Rajshahi,Gas,995177569,1892,2147,30527.9,30388.9,4158621.055,15.94193548,10490177.47,8,0,1,winter
2024-01-31,Rajshahi,Coal,995177569,1892,2147,30527.9,30388.9,5408524160,15.94193548,245362435.2,8,1,1,winter
2024-01-31,Khulna,Solar,212593245,868,942,33389,33215,136387994.4,17.0862069,6819399.72,6,5,1,winter
2024-01-31,Sylhet,Gas,816375665,1344,1333,11057,11000,1782164028,15.56451613,4495532699,5,0,1,winter
2024-01-31,Barisal,HFO,647841024,1108,1122,8458.8,8430.8,162521731.2,17.57333333,2031521.64,7,2,1,winter
2024-01-31,Rajshahi,HFO,977545220,1892,2147,29713.9,29574.9,1180947161,15.83,14761839.51,8,2,1,winter
2024-01-31,Rajshahi,Gas/HSD,995177569,1892,2147,30527.9,30388.9,477885695.9,15.94193548,4551292.342,8,4,1,winter
2024-01-31,Dhaka,HFO,823456683,1828,2058,106932.31,106828.31,2233181160,16.55333333,27914764.5,1,2,1,winter
2024-02-29,Sylhet,Gas,916612594,1597,1660,10532,10532,2826675082,18.58965517,7130325864,5,0,1,winter
2024-02-29,Rajshahi,Coal,996285030,1922,2157,30895,30895,4853561266,20.62413793,220186057.5,8,1,1,winter
2024-02-29,Chattogram,HFO,521324276,1385,1387,29974.2,29974.2,2061410561,22.33793103,25767632.01,2,2,1,winter
2024-02-29,Khulna,HFO,199007020,841,926,32126.8,32117.8,395746790.3,22.54814815,4946834.878,6,2,1,winter
2024-02-29,Khulna,HSD,8965345,356,437,1238.7,1238.7,121320,22.3,1150.716115,6,3,1,winter
2024-02-29,Rangpur,HFO,135761816,280,303,21824,21824,286385763,18.58965517,3579822.038,9,2,1,winter
2024-02-29,Mymensingh,Gas,79769040,171,199,26799,25359,131190249.6,20.07586207,330929166.8,4,0,1,winter
2024-02-29,Chattogram,Gas,521324276,1385,1387,29974.2,29974.2,30297882.24,22.33793103,76426814.92,2,0,1,winter
2024-02-29,Mymensingh,HFO,79769040,171,199,26799,25359,658312339.2,20.07586207,8228904.24,4,2,1,winter
2024-02-29,Chattogram,Coal,521324276,1385,1387,29974.2,29974.2,2589819911,22.33793103,117489448.4,2,1,1,winter
2024-02-29,Rajshahi,Gas,996285030,1922,2157,30895,30895,2589812.064,20.62413793,6532835.719,8,0,1,winter
2024-02-29,Barisal,Gas,792902149,1688,1690,8256.6,8256.6,178524944.2,22.51724138,450331569.7,7,0,1,winter
2024-02-29,Rajshahi,Gas/HSD,996285030,1922,2157,30895,30895,677991155.8,20.62413793,6457058.627,8,4,1,winter
2024-02-29,Cumilla,HFO,653444318,1183,1277,24801,24801,1489792169,21.35172414,18622402.11,3,2,1,winter
2024-02-29,Rangpur,HSD,13883655,190,286,2276,2276,1743380,18.56666667,16535.9006,9,3,1,winter
2024-02-29,Dhaka,Gas,690370974,1683,1920,107951.48,107861.48,1872272673,21.09310345,4722832967,1,0,1,winter
2024-02-29,Dhaka,HFO,690370974,1683,1920,107951.48,107861.48,2180110152,21.09310345,27251376.9,1,2,1,winter
2024-02-29,Cumilla,Gas,653444318,1183,1277,24801,24801,1777931272,21.35172414,4484855514,3,0,1,winter
2024-02-29,Rangpur,Coal,135761816,280,303,21824,21824,1012913940,18.58965517,45951727.99,9,1,1,winter
2024-02-29,Barisal,Coal,792902149,1688,1690,8256.6,8256.6,4631754678,22.51724138,210123607.4,7,1,1,winter
2024-02-29,Khulna,Coal,210667190,841,926,26241.2,26232.2,1397654527,22.20909091,63405821.66,6,1,1,winter
2024-02-29,Rajshahi,HFO,970196234,1922,2157,29887.2,29887.2,1008546934,20.82142857,12606836.67,8,2,1,winter
2024-02-29,Barisal,HFO,678841746,1688,1690,6887,6887,217703435.3,22.37916667,2721292.941,7,2,1,winter
2024-03-31,Khulna,HFO,262788482,1260,988,32518.9,32368.9,160962220.4,28.17826087,2012027.756,6,2,2,fall
2024-03-31,Dhaka,HFO,952687600,1743,2183,115164.18,115029.18,1917437308,26.01851852,23967966.35,1,2,2,fall
2024-03-31,Rajshahi,Coal,945554352,1896,2143,32898,32773,4380430594,25.47037037,198722070.2,8,1,2,fall
2024-03-31,Chattogram,Coal,717617167,1590,1636,31014.8,30934.8,3672788108,26.51851852,166619249.1,2,1,2,fall
2024-03-31,Cumilla,Gas,731645098,1340,1669,28045,27918,1931493301,25.64814815,4872217795,3,0,2,fall
2024-03-31,Barisal,Gas,760802662,1791,1907,9292.1,9292.1,219190388.5,27.54074074,552910699.3,7,0,2,fall
2024-03-31,Rajshahi,HFO,916877789,1896,2143,31916.8,31791.8,950427886,25.53461538,11880348.58,8,2,2,fall
2024-03-31,Rangpur,HFO,143365506,297,371,20318,20238,376150106.4,23.44814815,4701876.33,9,2,2,fall
2024-03-31,Dhaka,Gas,952687600,1743,2183,115164.18,115029.18,2753109014,26.01851852,6944754468,1,0,2,fall
2024-03-31,Mymensingh,Gas,87303160,193,345,28048,26500,138630364.8,24.57777778,349696957.3,4,0,2,fall
2024-03-31,Chattogram,Gas,717617167,1590,1636,31014.8,30934.8,68267208.96,26.51851852,172204951.6,2,0,2,fall
2024-03-31,Mymensingh,HFO,87303160,193,345,28048,26500,808833629.2,24.57777778,10110420.37,4,2,2,fall
2024-03-31,Rangpur,HSD,5886308,209,317,795,795,470200,26.8,4459.831168,9,3,2,fall
2024-03-31,Barisal,HFO,547701678,1791,1907,6557.7,6557.7,199704195.4,28.71111111,2496302.442,7,2,2,fall
2024-03-31,Barisal,Coal,760802662,1791,1907,9292.1,9292.1,4496286414,27.54074074,203977971,7,1,2,fall
2024-03-31,Cumilla,HFO,731645098,1340,1669,28045,27918,2140003542,25.64814815,26750044.27,3,2,2,fall
2024-03-31,Sylhet,Gas,879082162,1593,1615,11317,11307,2686953842,23.44814815,6777877158,5,0,2,fall
2024-03-31,Chattogram,HFO,717617167,1590,1636,31014.8,30934.8,2076727831,26.51851852,25959097.88,2,2,2,fall
2024-03-31,Rajshahi,Gas,945554352,1896,2143,32898,32773,5782501.626,25.47037037,14586438.02,8,0,2,fall
2024-03-31,Rajshahi,Gas/HSD,945554352,1896,2143,32898,32773,662363628.3,25.47037037,6308225.031,8,4,2,fall
2024-03-31,Rangpur,Coal,143365506,297,371,20318,20238,1035495160,23.44814815,46976144.81,9,1,2,fall
2024-03-31,Khulna,Coal,315493939,1260,988,37618.7,37468.7,2238418856,27.5962963,101547831.8,6,1,2,fall
2024-04-30,Khulna,HSD,32551215,707,821,3937.7,3742.7,1061550,37.45,10068.76601,6,3,0,summer
2024-04-30,Rajshahi,HFO,1193806996,2015,2395,50001.2,48454.2,2464486822,32.39666667,30806085.28,8,2,0,summer
2024-04-30,Khulna,Gas/HSD,69199539,553,715,9194.8,8358.8,185029326.3,35.82,1762184.06,6,4,0,summer
2024-04-30,Rangpur,HFO,226333631,415,494,28984,26715,1007470122,30.12,12593376.53,9,2,0,summer
2024-04-30,Dhaka,Gas,1353801210,2133,2614,140142.31,137933.31,4068839168,34.32,10263701456,1,0,0,summer
2024-04-30,Rangpur,Coal,226333631,415,494,28984,26715,1478754844,30.12,67085008.58,9,1,0,summer
2024-04-30,Chattogram,Gas,893222936,1531,1687,40787.4,38780.4,321996704.6,34.19,812241012.6,2,0,0,summer
2024-04-30,Rangpur,HSD,9075908,356,455,1073,893,1509300,32.7,14315.65968,9,3,0,summer
2024-04-30,Mymensingh,Gas,177763560,321,446,37759,33595,215909635.2,32.89666667,544634955,4,0,0,summer
2024-04-30,Mymensingh,HFO,177763560,321,446,37759,33595,2043453104,32.89666667,25543163.81,4,2,0,summer
2024-04-30,Rajshahi,Gas,1193806996,2015,2395,50001.2,48454.2,54826347.84,32.39666667,138300198.9,8,0,0,summer
2024-04-30,Cumilla,HFO,1063186915,1571,1840,42002.5,39703.5,3540717474,33.95333333,44258968.42,3,2,0,summer
2024-04-30,Sylhet,Gas,1048602982,1725,1787,15237,14953,3261601330,30.12,8227433167,5,0,0,summer
2024-04-30,Barisal,HFO,831150126,1798,1941,11171.8,11086.8,365404047.8,36.05,4567550.597,7,2,0,summer
2024-04-30,Rajshahi,Gas/HSD,1193806996,2015,2395,50001.2,48454.2,755928505,32.39666667,7199319.095,8,4,0,summer
2024-04-30,Chattogram,Coal,893222936,1531,1687,40787.4,38780.4,4198548262,34.19,190470819,2,1,0,summer
2024-04-30,Dhaka,HFO,1353801210,2133,2614,140142.31,137933.31,2680411361,34.32,33505142.02,1,2,0,summer
2024-04-30,Rajshahi,Coal,1193806996,2015,2395,50001.2,48454.2,5197671686,32.39666667,235796928.1,8,1,0,summer
2024-04-30,Khulna,Coal,358233340,984,955,42431.2,41318.2,1436958557,35.93913043,65188883.43,6,1,0,summer
2024-04-30,Khulna,Gas,260432253,984,955,32249.4,32095.4,393221217.6,36.55882353,991905803.3,6,0,0,summer
2024-04-30,Barisal,Gas,976646326,1798,1941,13709,13624,272252732.5,35.43666667,686761174.7,7,0,0,summer
2024-04-30,Chattogram,HFO,893222936,1531,1687,40787.4,38780.4,2999415749,34.19,37492696.86,2,2,0,summer
2024-04-30,Barisal,Coal,976646326,1798,1941,13709,13624,5789932913,35.43666667,262665377.4,7,1,0,summer
2024-04-30,Cumilla,Gas,1063186915,1571,1840,42002.5,39703.5,2670045905,33.95333333,6735226661,3,0,0,summer
2024-04-30,Khulna,HFO,363206093,984,955,44572.1,43452.1,702071458.6,36.225,8775893.232,6,2,0,summer
2024-05-31,Sylhet,Gas,1005894259,1634,1604,15281,15218,3061802609,32.64827586,7723438209,5,0,0,summer
2024-05-31,Rajshahi,Gas,896979621,1879,2237,43768.4,43678.4,54939870.38,34.64137931,138586561,8,0,0,summer
2024-05-31,Cumilla,HFO,1049728235,1680,1862,38108.5,37661.5,3894394759,34.50344828,48679934.49,3,2,0,summer
2024-05-31,Mymensingh,HFO,169187520,301,448,33232,31172,1984728319,33.56551724,24809103.99,4,2,0,summer
2024-05-31,Mymensingh,Gas,169187520,301,448,33232,31172,198443875.2,33.56551724,500577340.8,4,0,0,summer
2024-05-31,Dhaka,HFO,1395785996,2383,2696,148846.95,147641.95,5764374938,34.84482759,72054686.73,1,2,0,summer
2024-05-31,Rangpur,HSD,29020811,386,493,2914,2849,3432900,34.93333333,32560.94091,9,3,0,summer
2024-05-31,Barisal,Gas,845621876,1682,1687,11275.5,11275.5,265142350.1,35.23103448,668825139.7,7,0,0,summer
2024-05-31,Khulna,HFO,528466900,1088,1276,48580.8,48550.8,696665598.6,35.43793103,8708319.983,6,2,0,summer
2024-05-31,Rajshahi,Gas/HSD,896979621,1879,2237,43768.4,43678.4,732410293.6,34.64137931,6975336.129,8,4,0,summer
2024-05-31,Barisal,Coal,845621876,1682,1687,11275.5,11275.5,4993378556,35.23103448,226528991.3,7,1,0,summer
2024-05-31,Rangpur,Coal,273579316,462,526,26788,25999,1814965682,32.64827586,82337507.71,9,1,0,summer
2024-05-31,Khulna,Gas,479815786,1088,1276,43683.2,43653.2,648787694.4,35.41153846,1636575674,6,0,0,summer
2024-05-31,Cumilla,Gas,1049728235,1680,1862,38108.5,37661.5,2591704338,34.50344828,6537609005,3,0,0,summer
2024-05-31,Rajshahi,HFO,896979621,1879,2237,43768.4,43678.4,1791857092,34.64137931,22398213.65,8,2,0,summer
2024-05-31,Barisal,HFO,797624262,1682,1687,10848.8,10848.8,272888123.1,35.39259259,3411101.539,7,2,0,summer
2024-05-31,Chattogram,Gas,800133900,1796,2011,33821.1,33696.1,306768606.7,34.672,773827931.1,2,0,0,summer
2024-05-31,Rangpur,HFO,273579316,462,526,26788,25999,1324314384,32.64827586,16553929.8,9,2,0,summer
2024-05-31,Khulna,Coal,528466900,1088,1276,48580.8,48550.8,1964485969,35.43793103,89120626.46,6,1,0,summer
2024-05-31,Dhaka,Gas,1395785996,2383,2696,148846.95,147641.95,3531153495,34.84482759,8907382123,1,0,0,summer
2024-05-31,Rajshahi,Coal,896979621,1879,2237,43768.4,43678.4,3544565999,34.64137931,160802340.8,8,1,0,summer
2024-05-31,Chattogram,Coal,950999711,1796,2191,39318,39193,3980526279,34.67241379,180580060.7,2,1,0,summer
2024-05-31,Chattogram,HFO,950999711,1796,2191,39318,39193,4753481525,34.67241379,59418519.07,2,2,0,summer
2024-06-30,Chattogram,Coal,978880265,1961,2118,39396.9,38732.9,4581639670,33.42758621,207850096.2,2,1,0,summer
2024-06-30,Barisal,HFO,873575376,1444,1780,13251.83,13033.83,387462368.2,35.86785714,4843279.602,7,2,0,summer
2024-06-30,Rangpur,HSD,10768992,417,512,1056,1056,1788800,31.7,16966.70777,9,3,0,summer
2024-06-30,Barisal,Gas,894237927,1444,1780,13638.33,13420.33,272925295.8,35.79655172,688457724.7,7,0,0,summer
2024-06-30,Barisal,Coal,894237927,1444,1780,13638.33,13420.33,5261951250,35.79655172,238713026.8,7,1,0,summer
2024-06-30,Cumilla,HFO,1048734960,1568,1815,38866.3,37691.3,4067606942,34.33103448,50845086.77,3,2,0,summer
2024-06-30,Cumilla,Gas,1048734960,1568,1815,38866.3,37691.3,2520854285,34.33103448,6358888794,3,0,0,summer
2024-06-30,Rangpur,Coal,256337991,472,513,26771,25680,1522805439,33.30344828,69083402.38,9,1,0,summer
2024-06-30,Rajshahi,Gas/HSD,989877690,1951,2340,44389.45,43687.45,721337347,37.12068966,6869879.495,8,4,0,summer
2024-06-30,Khulna,Coal,677551755,1248,1511,53370.6,52332.6,3159493086,36.56896552,143333170.9,6,1,0,summer
2024-06-30,Khulna,HFO,677551755,1248,1511,53370.6,52332.6,1161986947,36.56896552,14524836.83,6,2,0,summer
2024-06-30,Mymensingh,HFO,153965880,279,418,33098,30272,2094742278,34.06896552,26184278.48,4,2,0,summer
2024-06-30,Rajshahi,Coal,956450839,1951,2340,41620.05,40918.05,4180493951,37.32222222,189651769.3,8,1,0,summer
2024-06-30,Sylhet,Gas,1036539502,1715,1715,15454,15124,3196084057,33.30344828,8062164966,5,0,0,summer
2024-06-30,Chattogram,HFO,978880265,1961,2118,39396.9,38732.9,4921933232,33.42758621,61524165.39,2,2,0,summer
2024-06-30,Khulna,Gas,677551755,1248,1511,53370.6,52332.6,528183576,36.56896552,1332350165,6,0,0,summer
2024-06-30,Rangpur,HFO,256337991,472,513,26771,25680,1561333228,33.30344828,19516665.35,9,2,0,summer
2024-06-30,Dhaka,HFO,1288485285,2198,2451,137715.22,135190.22,5486151664,35.24482759,68576895.8,1,2,0,summer
2024-06-30,Rajshahi,HFO,970371306,1951,2340,43069.45,42367.45,2043848309,37.19285714,25548103.87,8,2,0,summer
2024-06-30,Dhaka,Gas,1288485285,2198,2451,137715.22,135190.22,3229034089,35.24482759,8145281862,1,0,0,summer
2024-06-30,Rajshahi,Gas,947316065,1951,2340,42815.65,42113.65,2467124.317,37.13928571,6223354.229,8,0,0,summer
2024-06-30,Mymensingh,Gas,153965880,279,418,33098,30272,135301420.8,34.06896552,341299651.4,4,0,0,summer
2024-07-31,Dhaka,HFO,1108591930,1874,2175,147713.02,144129.02,5292662737,33.88666667,66158284.22,1,2,0,summer
2024-07-31,Khulna,HFO,690993781,1110,1452,52949.4,52685.4,1106538210,34.15333333,13831727.63,6,2,0,summer
2024-07-31,Sylhet,Gas,1049758525,1696,1685,18726,17940,3140171863,35.09666667,7921125705,5,0,0,summer
2024-07-31,Barisal,Gas,1092846424,1629,1843,14064.8,13995.8,281105813.8,33.79666667,709093191.1,7,0,0,summer
2024-07-31,Barisal,HFO,1067044561,1629,1843,13624.8,13555.8,399885930,33.82758621,4998574.125,7,2,0,summer
2024-07-31,Rajshahi,HFO,1227332106,2042,2396,44755.9,44583.9,2275792804,35.04,28447410.05,8,2,0,summer
2024-07-31,Khulna,Gas,690993781,1110,1452,52949.4,52685.4,587472062.4,34.15333333,1481906169,6,0,0,summer
2024-07-31,Rajshahi,Coal,1227332106,2042,2396,44755.9,44583.9,5559942678,35.04,252231668.9,8,1,0,summer
2024-07-31,Cumilla,HFO,1056739794,1533,1806,41973.1,40168.1,4024792743,33.36,50309909.29,3,2,0,summer
2024-07-31,Rangpur,HSD,38197684,435,473,4099,3938,3913000,34.975,37114.67324,9,3,0,summer
2024-07-31,Cumilla,Gas,1056739794,1533,1806,41973.1,40168.1,2557812309,33.36,6452115907,3,0,0,summer
2024-07-31,Barisal,Coal,1092846424,1629,1843,14064.8,13995.8,6537902377,33.79666667,296597667.2,7,1,0,summer
2024-07-31,Rajshahi,Gas,1227332106,2042,2396,44755.9,44583.9,2708063.034,35.04,6831125.379,8,0,0,summer
2024-07-31,Chattogram,Coal,1180737749,2070,2452,39379.6,39310.6,6209138589,32.22,281683010,2,1,0,summer
2024-07-31,Rangpur,HFO,267969795,477,508,29578.5,28280.5,1602328071,35.09666667,20029100.89,9,2,0,summer
2024-07-31,Chattogram,Gas,91848011,1219,1515,3081,3081,30030000,30.7,75751078.37,2,0,0,summer
2024-07-31,Chattogram,HFO,1180737749,2070,2452,39379.6,39310.6,4051755015,32.22,50646937.69,2,2,0,summer
2024-07-31,Rajshahi,Gas/HSD,1227332106,2042,2396,44755.9,44583.9,768222437.9,35.04,7316404.171,8,4,0,summer
2024-07-31,Mymensingh,HFO,170943606,301,396,36583,32803,2718070802,34.65,33975885.03,4,2,0,summer
2024-07-31,Khulna,Coal,690993781,1110,1452,52949.4,52685.4,3131559585,34.15333333,142065943.1,6,1,0,summer
2024-07-31,Mymensingh,Gas,170943606,301,396,36583,32803,86683929.06,34.65,218661375.4,4,0,0,summer
2024-07-31,Rangpur,Coal,267969795,477,508,29578.5,28280.5,1646198435,35.09666667,74681233.72,9,1,0,summer
2024-07-31,Dhaka,Gas,1108591930,1874,2175,147713.02,144129.02,2557570002,33.88666667,6451504684,1,0,0,summer
2024-08-31,Khulna,Coal,779560470,1524,1734,51437.8,51097.8,3938336897,32.81612903,178666102.5,6,1,0,summer
2024-08-31,Khulna,Gas,779560470,1524,1734,51437.8,51097.8,622252137.6,32.81612903,1569639375,6,0,0,summer
2024-08-31,Rajshahi,Gas/HSD,1081803987,1957,2352,43887,43485,772017597,33.62903226,7352548.542,8,4,0,summer
2024-08-31,Rajshahi,Gas,1081803987,1957,2352,43887,43485,2855832.462,33.62903226,7203875.746,8,0,0,summer
2024-08-31,Barisal,Gas,1147121595,1776,1861,12828.8,12828.8,263772823.5,32.50645161,665370490.4,7,0,0,summer
2024-08-31,Dhaka,HFO,1149101961,1849,2033,146243.68,143640.68,4887920411,32.24193548,61099005.14,1,2,0,summer
2024-08-31,Khulna,HFO,779560470,1524,1734,51437.8,51097.8,509343184.8,32.81612903,6366789.81,6,2,0,summer
2024-08-31,Barisal,Coal,1147121595,1776,1861,12828.8,12828.8,6923990040,32.50645161,314112872.1,7,1,0,summer
2024-08-31,Barisal,HFO,1057372708,1776,1861,11546,11546,440847201.5,32.56785714,5510590.019,7,2,0,summer
2024-08-31,Rangpur,HFO,129429128,210,300,29288,27630,1620795867,33.53548387,20259948.34,9,2,0,summer
2024-08-31,Chattogram,Coal,943177416,1712,1897,37612.4,37612.4,4801209622,30.81290323,217811079.4,2,1,0,summer
2024-08-31,Mymensingh,Gas,156906440,239,337,35529,32702,85764345.6,32.83225806,216341713.8,4,0,0,summer
2024-08-31,Chattogram,HFO,943177416,1712,1897,37612.4,37612.4,3178207680,30.81290323,39727596,2,2,0,summer
2024-08-31,Mymensingh,HFO,156906440,239,337,35529,32702,2453121972,32.83225806,30664024.66,4,2,0,summer
2024-08-31,Dhaka,Gas,1149101961,1849,2033,146243.68,143640.68,2708979764,32.24193548,6833437842,1,0,0,summer
2024-08-31,Cumilla,Gas,1065159205,1513,1796,36766,36073,2630243647,31.60645161,6634824930,3,0,0,summer
2024-08-31,Rangpur,Coal,129429128,210,300,29288,27630,465608684.1,33.53548387,21122745.73,9,1,0,summer
2024-08-31,Rajshahi,Coal,1072942645,1957,2352,42538,42136,4774015694,33.64333333,216577403,8,1,0,summer
2024-08-31,Sylhet,Gas,1022558491,1573,1594,17897,17353,3033096742,33.53548387,7651027272,5,0,0,summer
2024-08-31,Rangpur,HSD,8051179,203,300,1956,1861,3857100,33.6,36584.46363,9,3,0,summer
2024-08-31,Rajshahi,HFO,1081803987,1957,2352,43887,43485,1735896312,33.62903226,21698703.9,8,2,0,summer
2024-08-31,Cumilla,HFO,1065159205,1513,1796,36766,36073,3739345299,31.60645161,46741816.24,3,2,0,summer
2024-09-30,Rajshahi,Coal,1185793428,2054,2414,42852.05,41138.05,5101399885,34.58666667,231429473.5,8,1,0,summer
2024-09-30,Sylhet,Gas,1034349608,1555,1534,19171,18048,3175538998,34.67666667,8010339777,5,0,0,summer
2024-09-30,Mymensingh,HFO,149727480,229,341,36066,31332,2707808087,34.68333333,33847601.09,4,2,0,summer
2024-09-30,Khulna,Gas,847248404,1511,1665,50233.9,49928.9,525158150.4,34.13333333,1324718489,6,0,0,summer
2024-09-30,Khulna,HFO,847248404,1511,1665,50233.9,49928.9,770961742.1,34.13333333,9637021.776,6,2,0,summer
2024-09-30,Mymensingh,Gas,149727480,229,341,36066,31332,22547251.2,34.68333333,56875744.02,4,0,0,summer
2024-09-30,Rajshahi,Gas,1185793428,2054,2414,42852.05,41138.05,2510903.898,34.58666667,6333788.81,8,0,0,summer
2024-09-30,Rangpur,HFO,215210980,431,515,28727.1,26566.1,1696309123,34.67666667,21203864.04,9,2,0,summer
2024-09-30,Barisal,Gas,1115484324,1697,1903,12952.9,12952.9,288026049.4,34.24,726549578.6,7,0,0,summer
2024-09-30,Cumilla,HFO,1061361551,1721,1916,40244.5,38006.5,4258200905,34.19333333,53227511.31,3,2,0,summer
2024-09-30,Barisal,Coal,1115484324,1697,1903,12952.9,12952.9,6656114472,34.24,301960462.4,7,1,0,summer
2024-09-30,Rangpur,HSD,18353153,414,468,2868,2708,1956500,34.16666667,18557.33662,9,3,0,summer
2024-09-30,Barisal,HFO,1055382329,1697,1903,12277.1,12277.1,478079108.3,34.48214286,5975988.854,7,2,0,summer
2024-09-30,Cumilla,Gas,1061361551,1721,1916,40244.5,38006.5,2551918241,34.19333333,6437248041,3,0,0,summer
2024-09-30,Dhaka,Gas,1021630417,1617,1990,154261.12,149953.12,2280548022,34.31333333,5752713018,1,0,0,summer
2024-09-30,Chattogram,HFO,1109168098,1851,2205,38320.3,38316.3,3851303319,33.37333333,48141291.49,2,2,0,summer
2024-09-30,Rajshahi,HFO,1185793428,2054,2414,42852.05,41138.05,2699254630,34.58666667,33740682.88,8,2,0,summer
2024-09-30,Chattogram,Gas,211177721,1765,2205,6422.2,6422.2,44226000,34.96,111560679.1,2,0,0,summer
2024-09-30,Chattogram,Coal,1109168098,1851,2205,38320.3,38316.3,5635498819,33.37333333,255659339.4,2,1,0,summer
2024-09-30,Rajshahi,Gas/HSD,1185793428,2054,2414,42852.05,41138.05,784975806.5,34.58666667,7475960.062,8,4,0,summer
2024-09-30,Khulna,Coal,847248404,1511,1665,50233.9,49928.9,4565233967,34.13333333,207105837.1,6,1,0,summer
2024-09-30,Dhaka,HFO,1021630417,1617,1990,154261.12,149953.12,4948505235,34.31333333,61856315.44,1,2,0,summer
2024-09-30,Rangpur,Coal,203071340,431,515,25828.1,23989.1,1123920543,34.5962963,50987639.75,9,1,0,summer
2024-10-31,Mymensingh,Gas,135101960,218,305,30138,28336,24416236.8,31.11071429,61590285.3,4,0,0,summer
2024-10-31,Barisal,HFO,1212573894,1730,1864,13031.8,12875.8,1119475229,32.85483871,13993440.37,7,2,0,summer
2024-10-31,Chattogram,HFO,812578163,1569,1832,39733.1,39384.1,3841553720,32.77741935,48019421.5,2,2,0,summer
2024-10-31,Mymensingh,HFO,150893240,218,305,33544,31630,2723946807,31.19677419,34049335.09,4,2,0,summer
2024-10-31,Chattogram,Coal,812578163,1569,1832,39733.1,39384.1,3938428447,32.77741935,178670255.7,2,1,0,summer
2024-10-31,Sylhet,Gas,1065492451,1585,1637,17122,16832,3341831538,30.28064516,8429814944,5,0,0,summer
2024-10-31,Barisal,Coal,1212573894,1730,1864,13031.8,12875.8,7085313010,32.85483871,321431429.9,7,1,0,summer
2024-10-31,Rangpur,Coal,260498580,376,528,24533,24187,1815942411,30.28064516,82381817.87,9,1,0,summer
2024-10-31,Cumilla,HFO,1002634926,1505,1730,39804,39014,4168663967,31.9516129,52108299.59,3,2,0,summer
2024-10-31,Rajshahi,Gas,1139102613,1588,2063,39125.8,38636.8,3061939.338,31.90645161,7723783.109,8,0,0,summer
2024-10-31,Rajshahi,Coal,1139102613,1588,2063,39125.8,38636.8,4999750247,31.90645161,226818048.7,8,1,0,summer
2024-10-31,Rajshahi,HFO,1139102613,1588,2063,39125.8,38636.8,2027291711,31.90645161,25341146.39,8,2,0,summer
2024-10-31,Rangpur,HSD,8445640,332,354,793,713,2012400,31,19087.54624,9,3,0,summer
2024-10-31,Khulna,HFO,593831013,1064,1184,46544.7,45827.7,440751939.8,32.75333333,5509399.248,6,2,0,summer
2024-10-31,Dhaka,Gas,1030271649,1513,1910,150394.71,149055.71,2516449156,32.05483871,6347776799,1,0,0,summer
2024-10-31,Khulna,Gas,612784993,1064,1184,47749.9,47032.9,551096438.4,32.66129032,1390148168,6,0,0,summer
2024-10-31,Rangpur,HFO,260498580,376,528,24533,24187,1121497741,30.28064516,14018721.77,9,2,0,summer
2024-10-31,Rajshahi,Gas/HSD,1139102613,1588,2063,39125.8,38636.8,791016504,31.90645161,7533490.514,8,4,0,summer
2024-10-31,Khulna,Coal,612784993,1064,1184,47749.9,47032.9,2933113611,32.66129032,133063267.7,6,1,0,summer
2024-10-31,Barisal,Gas,1212573894,1730,1864,13031.8,12875.8,270340948.3,32.85483871,681938673.4,7,0,0,summer
2024-10-31,Cumilla,Gas,1002634926,1505,1730,39804,39014,2375177462,31.9516129,5991417052,3,0,0,summer
2024-10-31,Dhaka,HFO,1030271649,1513,1910,150394.71,149055.71,3691714431,32.05483871,46146430.38,1,2,0,summer
2024-11-30,Mymensingh,Gas,113682480,219,282,27118,26940,75616291.2,25.67333333,190743110.3,4,0,2,fall
2024-11-30,Rajshahi,HFO,721063440,1369,1591,28068.8,28018.8,1233611825,26.06296296,15420147.81,8,2,2,fall
2024-11-30,Dhaka,HFO,769433411,1528,1842,129853.41,129816.41,2168472060,26.59333333,27105900.75,1,2,2,fall
2024-11-30,Dhaka,Gas,769433411,1528,1842,129853.41,129816.41,2015491835,26.59333333,5084105227,1,0,2,fall
2024-11-30,Barisal,Coal,715588320,1422,1582,9890.8,9883.8,3893280750,26.42666667,176622090.9,7,1,2,fall
2024-11-30,Rajshahi,Gas,783866253,1369,1591,30807,30757,2768612.436,25.68666667,6983862.059,8,0,2,fall
2024-11-30,Cumilla,HFO,783610095,1517,1660,31271.5,31134.5,2487805311,26.66,31097566.39,3,2,2,fall
2024-11-30,Khulna,Gas,505225732,801,1259,36856.6,36711.6,567407908.8,26.2862069,1431294072,6,0,2,fall
2024-11-30,Cumilla,Gas,783610095,1517,1660,31271.5,31134.5,1982129806,26.66,4999949059,3,0,2,fall
2024-11-30,Rangpur,Coal,180917880,381,462,20986,20949,1266745030,25.53333333,57466997.71,9,1,2,fall
2024-11-30,Khulna,Gas/HSD,38569180,754,1259,2526.2,2381.2,44382936.78,27.8,422694.636,6,4,2,fall
2024-11-30,Khulna,Coal,515785732,801,1259,37955,37810,2283333245,26.22,103585412.4,6,1,2,fall
2024-11-30,Chattogram,HFO,584213403,1325,1485,34024.5,34024.5,2715069074,28.00333333,33938363.43,2,2,2,fall
2024-11-30,Sylhet,Gas,999695799,1563,1553,13280,13273,3020444635,25.53333333,7619112164,5,0,2,fall
2024-11-30,Rangpur,HFO,175731208,381,462,20360,20323,773486632.8,25.56896552,9668582.91,9,2,2,fall
2024-11-30,Chattogram,Coal,584213403,1325,1485,34024.5,34024.5,3000496756,28.00333333,136120163.2,2,1,2,fall
2024-11-30,Rajshahi,Coal,783866253,1369,1591,30807,30757,2989004614,25.68666667,135598812,8,1,2,fall
2024-11-30,Barisal,HFO,698410215,1422,1582,9609,9602,653756258.4,26.44137931,8171953.23,7,2,2,fall
2024-11-30,Rangpur,HSD,6436897,205,396,724,724,1677000,26.9,15906.28853,9,3,2,fall
2024-11-30,Mymensingh,HFO,113682480,219,282,27118,26940,1688377680,25.67333333,21104721,4,2,2,fall
2024-11-30,Barisal,Gas,715588320,1422,1582,9890.8,9883.8,285491574.6,26.42666667,720156331.8,7,0,2,fall
2024-11-30,Khulna,HFO,345489395,745,1259,25591.6,25446.6,156050134.6,27.61052632,1950626.683,6,2,2,fall
2024-11-30,Rajshahi,Gas/HSD,783866253,1369,1591,30807,30757,765706992.2,25.68666667,7292447.545,8,4,2,fall
2024-12-31,Khulna,HFO,61837249,1262,917,3526.6,3526.6,5106756.48,22.03333333,63834.456,6,2,1,winter
2024-12-31,Rajshahi,Coal,553255541,1178,1356,28773.6,28773.6,2759808205,18.96333333,125201116.2,8,1,1,winter
2024-12-31,Khulna,Gas,672948125,1524,1598,33070.8,33070.8,515245867.2,20.73448276,1299714621,6,0,1,winter
2024-12-31,Rajshahi,Gas,553255541,1178,1356,28773.6,28773.6,14948069.38,18.96333333,37706705.79,8,0,1,winter
2024-12-31,Mymensingh,HFO,59959440,161,233,24993,24993,890274991.2,19.35333333,11128437.39,4,2,1,winter
2024-12-31,Khulna,Coal,696955405,1524,1598,34220.8,34220.8,3810706149,20.76333333,172876021.8,6,1,1,winter
2024-12-31,Barisal,Coal,369432471,1125,1158,6357.4,6357.4,2036069374,20.55909091,92368070.32,7,1,1,winter
2024-12-31,Dhaka,HFO,611339709,1155,1436,113000.43,113000.43,1196093717,21.13333333,14951171.46,1,2,1,winter
2024-12-31,Dhaka,Gas,611339709,1155,1436,113000.43,113000.43,1634963075,21.13333333,4124216319,1,0,1,winter
2024-12-31,Rajshahi,HFO,453477616,1178,1356,22251.6,22251.6,168903176.8,19.11304348,2111289.71,8,2,1,winter
2024-12-31,Cumilla,HFO,562003185,1061,1218,24994.5,24994.5,549245570.2,20.43103448,6865569.628,3,2,1,winter
2024-12-31,Mymensingh,Gas,55945800,161,233,23251,23251,39774163.2,19.425,100330860.9,4,0,1,winter
2024-12-31,Cumilla,Gas,579726593,1061,1218,25783.5,25783.5,1707553885,20.40333333,4307327611,3,0,1,winter
2024-12-31,Rangpur,Coal,136309008,287,327,20929,20929,1129916456,19.12333333,51259649.6,9,1,1,winter
2024-12-31,Chattogram,HFO,755715693,1590,1847,28571.2,28571.2,972298349.9,22.11785714,12153729.37,2,2,1,winter
2024-12-31,Chattogram,Gas,125524011,1395,1780,3968.2,3968.2,42588000,21.175,107428802.1,2,0,1,winter
2024-12-31,Rangpur,HFO,126871972,287,327,19680,19680,123585345.7,19.16428571,1544816.821,9,2,1,winter
2024-12-31,Chattogram,Coal,792788418,1590,1847,30399.5,30399.5,4795226296,22.09333333,217539640.5,2,1,1,winter
2024-12-31,Barisal,HFO,357657626,1125,1158,7282.5,7282.5,201065956.3,20.52,2513324.454,7,2,1,winter
2024-12-31,Rangpur,HSD,15233981,254,295,2159,2159,1476400,19.36666667,14003.60429,9,3,1,winter
2024-12-31,Barisal,Gas,383807438,1125,1158,8730,8730,245157200.3,20.49333333,618412330.8,7,0,1,winter
2024-12-31,Rajshahi,Gas/HSD,328434802,1178,1356,13379.8,13379.8,349275943.1,18.60714286,3326437.553,8,4,1,winter
2024-12-31,Sylhet,Gas,883922649,1550,1600,10858,10858,2698210675,19.12333333,6806272671,5,0,1,winter